attempted,correct,performance,learning_rate,old_mastery,new_mastery,mastery_change
15,0,0.0,0.1,0.0,0.0,0.0
15,0,0.0,0.1,0.1,0.09,-0.01
15,0,0.0,0.1,0.2,0.18,-0.02
15,0,0.0,0.1,0.3,0.27,-0.03
15,0,0.0,0.1,0.4,0.36,-0.04
15,0,0.0,0.1,0.5,0.45,-0.05
15,0,0.0,0.1,0.6,0.54,-0.06
15,0,0.0,0.1,0.7,0.63,-0.07
15,0,0.0,0.1,0.8,0.72,-0.08
15,0,0.0,0.1,0.9,0.81,-0.09
15,0,0.0,0.1,1.0,0.9,-0.1
15,0,0.0,0.2,0.0,0.0,0.0
15,0,0.0,0.2,0.1,0.08,-0.02
15,0,0.0,0.2,0.2,0.16,-0.04
15,0,0.0,0.2,0.3,0.24,-0.06
15,0,0.0,0.2,0.4,0.32,-0.08
15,0,0.0,0.2,0.5,0.4,-0.1
15,0,0.0,0.2,0.6,0.48,-0.12
15,0,0.0,0.2,0.7,0.56,-0.14
15,0,0.0,0.2,0.8,0.64,-0.16
15,0,0.0,0.2,0.9,0.72,-0.18
15,0,0.0,0.2,1.0,0.8,-0.2
15,0,0.0,0.3,0.0,0.0,0.0
15,0,0.0,0.3,0.1,0.07,-0.03
15,0,0.0,0.3,0.2,0.14,-0.06
15,0,0.0,0.3,0.3,0.21,-0.09
15,0,0.0,0.3,0.4,0.28,-0.12
15,0,0.0,0.3,0.5,0.35,-0.15
15,0,0.0,0.3,0.6,0.42,-0.18
15,0,0.0,0.3,0.7,0.49,-0.21
15,0,0.0,0.3,0.8,0.56,-0.24
15,0,0.0,0.3,0.9,0.63,-0.27
15,0,0.0,0.3,1.0,0.7,-0.3
15,0,0.0,0.4,0.0,0.0,0.0
15,0,0.0,0.4,0.1,0.06,-0.04
15,0,0.0,0.4,0.2,0.12,-0.08
15,0,0.0,0.4,0.3,0.18,-0.12
15,0,0.0,0.4,0.4,0.24,-0.16
15,0,0.0,0.4,0.5,0.3,-0.2
15,0,0.0,0.4,0.6,0.36,-0.24
15,0,0.0,0.4,0.7,0.42,-0.28
15,0,0.0,0.4,0.8,0.48,-0.32
15,0,0.0,0.4,0.9,0.54,-0.36
15,0,0.0,0.4,1.0,0.6,-0.4
15,0,0.0,0.5,0.0,0.0,0.0
15,0,0.0,0.5,0.1,0.05,-0.05
15,0,0.0,0.5,0.2,0.1,-0.1
15,0,0.0,0.5,0.3,0.15,-0.15
15,0,0.0,0.5,0.4,0.2,-0.2
15,0,0.0,0.5,0.5,0.25,-0.25
15,0,0.0,0.5,0.6,0.3,-0.3
15,0,0.0,0.5,0.7,0.35,-0.35
15,0,0.0,0.5,0.8,0.4,-0.4
15,0,0.0,0.5,0.9,0.45,-0.45
15,0,0.0,0.5,1.0,0.5,-0.5
15,0,0.0,0.6,0.0,0.0,0.0
15,0,0.0,0.6,0.1,0.04,-0.06
15,0,0.0,0.6,0.2,0.08,-0.12
15,0,0.0,0.6,0.3,0.12,-0.18
15,0,0.0,0.6,0.4,0.16,-0.24
15,0,0.0,0.6,0.5,0.2,-0.3
15,0,0.0,0.6,0.6,0.24,-0.36
15,0,0.0,0.6,0.7,0.28,-0.42
15,0,0.0,0.6,0.8,0.32,-0.48
15,0,0.0,0.6,0.9,0.36,-0.54
15,0,0.0,0.6,1.0,0.4,-0.6
15,0,0.0,0.7,0.0,0.0,0.0
15,0,0.0,0.7,0.1,0.03,-0.07
15,0,0.0,0.7,0.2,0.06,-0.14
15,0,0.0,0.7,0.3,0.09,-0.21
15,0,0.0,0.7,0.4,0.12,-0.28
15,0,0.0,0.7,0.5,0.15,-0.35
15,0,0.0,0.7,0.6,0.18,-0.42
15,0,0.0,0.7,0.7,0.21,-0.49
15,0,0.0,0.7,0.8,0.24,-0.56
15,0,0.0,0.7,0.9,0.27,-0.63
15,0,0.0,0.7,1.0,0.3,-0.7
15,0,0.0,0.8,0.0,0.0,0.0
15,0,0.0,0.8,0.1,0.02,-0.08
15,0,0.0,0.8,0.2,0.04,-0.16
15,0,0.0,0.8,0.3,0.06,-0.24
15,0,0.0,0.8,0.4,0.08,-0.32
15,0,0.0,0.8,0.5,0.1,-0.4
15,0,0.0,0.8,0.6,0.12,-0.48
15,0,0.0,0.8,0.7,0.14,-0.56
15,0,0.0,0.8,0.8,0.16,-0.64
15,0,0.0,0.8,0.9,0.18,-0.72
15,0,0.0,0.8,1.0,0.2,-0.8
15,0,0.0,0.9,0.0,0.0,0.0
15,0,0.0,0.9,0.1,0.01,-0.09
15,0,0.0,0.9,0.2,0.02,-0.18
15,0,0.0,0.9,0.3,0.03,-0.27
15,0,0.0,0.9,0.4,0.04,-0.36
15,0,0.0,0.9,0.5,0.05,-0.45
15,0,0.0,0.9,0.6,0.06,-0.54
15,0,0.0,0.9,0.7,0.07,-0.63
15,0,0.0,0.9,0.8,0.08,-0.72
15,0,0.0,0.9,0.9,0.09,-0.81
15,0,0.0,0.9,1.0,0.1,-0.9
15,1,0.0667,0.1,0.0,0.0067,0.0067
15,1,0.0667,0.1,0.1,0.0967,-0.0033
15,1,0.0667,0.1,0.2,0.1867,-0.0133
15,1,0.0667,0.1,0.3,0.2767,-0.0233
15,1,0.0667,0.1,0.4,0.3667,-0.0333
15,1,0.0667,0.1,0.5,0.4567,-0.0433
15,1,0.0667,0.1,0.6,0.5467,-0.0533
15,1,0.0667,0.1,0.7,0.6367,-0.0633
15,1,0.0667,0.1,0.8,0.7267,-0.0733
15,1,0.0667,0.1,0.9,0.8167,-0.0833
15,1,0.0667,0.1,1.0,0.9067,-0.0933
15,1,0.0667,0.2,0.0,0.0133,0.0133
15,1,0.0667,0.2,0.1,0.0933,-0.0067
15,1,0.0667,0.2,0.2,0.1733,-0.0267
15,1,0.0667,0.2,0.3,0.2533,-0.0467
15,1,0.0667,0.2,0.4,0.3333,-0.0667
15,1,0.0667,0.2,0.5,0.4133,-0.0867
15,1,0.0667,0.2,0.6,0.4933,-0.1067
15,1,0.0667,0.2,0.7,0.5733,-0.1267
15,1,0.0667,0.2,0.8,0.6533,-0.1467
15,1,0.0667,0.2,0.9,0.7333,-0.1667
15,1,0.0667,0.2,1.0,0.8133,-0.1867
15,1,0.0667,0.3,0.0,0.02,0.02
15,1,0.0667,0.3,0.1,0.09,-0.01
15,1,0.0667,0.3,0.2,0.16,-0.04
15,1,0.0667,0.3,0.3,0.23,-0.07
15,1,0.0667,0.3,0.4,0.3,-0.1
15,1,0.0667,0.3,0.5,0.37,-0.13
15,1,0.0667,0.3,0.6,0.44,-0.16
15,1,0.0667,0.3,0.7,0.51,-0.19
15,1,0.0667,0.3,0.8,0.58,-0.22
15,1,0.0667,0.3,0.9,0.65,-0.25
15,1,0.0667,0.3,1.0,0.72,-0.28
15,1,0.0667,0.4,0.0,0.0267,0.0267
15,1,0.0667,0.4,0.1,0.0867,-0.0133
15,1,0.0667,0.4,0.2,0.1467,-0.0533
15,1,0.0667,0.4,0.3,0.2067,-0.0933
15,1,0.0667,0.4,0.4,0.2667,-0.1333
15,1,0.0667,0.4,0.5,0.3267,-0.1733
15,1,0.0667,0.4,0.6,0.3867,-0.2133
15,1,0.0667,0.4,0.7,0.4467,-0.2533
15,1,0.0667,0.4,0.8,0.5067,-0.2933
15,1,0.0667,0.4,0.9,0.5667,-0.3333
15,1,0.0667,0.4,1.0,0.6267,-0.3733
15,1,0.0667,0.5,0.0,0.0333,0.0333
15,1,0.0667,0.5,0.1,0.0833,-0.0167
15,1,0.0667,0.5,0.2,0.1333,-0.0667
15,1,0.0667,0.5,0.3,0.1833,-0.1167
15,1,0.0667,0.5,0.4,0.2333,-0.1667
15,1,0.0667,0.5,0.5,0.2833,-0.2167
15,1,0.0667,0.5,0.6,0.3333,-0.2667
15,1,0.0667,0.5,0.7,0.3833,-0.3167
15,1,0.0667,0.5,0.8,0.4333,-0.3667
15,1,0.0667,0.5,0.9,0.4833,-0.4167
15,1,0.0667,0.5,1.0,0.5333,-0.4667
15,1,0.0667,0.6,0.0,0.04,0.04
15,1,0.0667,0.6,0.1,0.08,-0.02
15,1,0.0667,0.6,0.2,0.12,-0.08
15,1,0.0667,0.6,0.3,0.16,-0.14
15,1,0.0667,0.6,0.4,0.2,-0.2
15,1,0.0667,0.6,0.5,0.24,-0.26
15,1,0.0667,0.6,0.6,0.28,-0.32
15,1,0.0667,0.6,0.7,0.32,-0.38
15,1,0.0667,0.6,0.8,0.36,-0.44
15,1,0.0667,0.6,0.9,0.4,-0.5
15,1,0.0667,0.6,1.0,0.44,-0.56
15,1,0.0667,0.7,0.0,0.0467,0.0467
15,1,0.0667,0.7,0.1,0.0767,-0.0233
15,1,0.0667,0.7,0.2,0.1067,-0.0933
15,1,0.0667,0.7,0.3,0.1367,-0.1633
15,1,0.0667,0.7,0.4,0.1667,-0.2333
15,1,0.0667,0.7,0.5,0.1967,-0.3033
15,1,0.0667,0.7,0.6,0.2267,-0.3733
15,1,0.0667,0.7,0.7,0.2567,-0.4433
15,1,0.0667,0.7,0.8,0.2867,-0.5133
15,1,0.0667,0.7,0.9,0.3167,-0.5833
15,1,0.0667,0.7,1.0,0.3467,-0.6533
15,1,0.0667,0.8,0.0,0.0533,0.0533
15,1,0.0667,0.8,0.1,0.0733,-0.0267
15,1,0.0667,0.8,0.2,0.0933,-0.1067
15,1,0.0667,0.8,0.3,0.1133,-0.1867
15,1,0.0667,0.8,0.4,0.1333,-0.2667
15,1,0.0667,0.8,0.5,0.1533,-0.3467
15,1,0.0667,0.8,0.6,0.1733,-0.4267
15,1,0.0667,0.8,0.7,0.1933,-0.5067
15,1,0.0667,0.8,0.8,0.2133,-0.5867
15,1,0.0667,0.8,0.9,0.2333,-0.6667
15,1,0.0667,0.8,1.0,0.2533,-0.7467
15,1,0.0667,0.9,0.0,0.06,0.06
15,1,0.0667,0.9,0.1,0.07,-0.03
15,1,0.0667,0.9,0.2,0.08,-0.12
15,1,0.0667,0.9,0.3,0.09,-0.21
15,1,0.0667,0.9,0.4,0.1,-0.3
15,1,0.0667,0.9,0.5,0.11,-0.39
15,1,0.0667,0.9,0.6,0.12,-0.48
15,1,0.0667,0.9,0.7,0.13,-0.57
15,1,0.0667,0.9,0.8,0.14,-0.66
15,1,0.0667,0.9,0.9,0.15,-0.75
15,1,0.0667,0.9,1.0,0.16,-0.84
15,2,0.1333,0.1,0.0,0.0133,0.0133
15,2,0.1333,0.1,0.1,0.1033,0.0033
15,2,0.1333,0.1,0.2,0.1933,-0.0067
15,2,0.1333,0.1,0.3,0.2833,-0.0167
15,2,0.1333,0.1,0.4,0.3733,-0.0267
15,2,0.1333,0.1,0.5,0.4633,-0.0367
15,2,0.1333,0.1,0.6,0.5533,-0.0467
15,2,0.1333,0.1,0.7,0.6433,-0.0567
15,2,0.1333,0.1,0.8,0.7333,-0.0667
15,2,0.1333,0.1,0.9,0.8233,-0.0767
15,2,0.1333,0.1,1.0,0.9133,-0.0867
15,2,0.1333,0.2,0.0,0.0267,0.0267
15,2,0.1333,0.2,0.1,0.1067,0.0067
15,2,0.1333,0.2,0.2,0.1867,-0.0133
15,2,0.1333,0.2,0.3,0.2667,-0.0333
15,2,0.1333,0.2,0.4,0.3467,-0.0533
15,2,0.1333,0.2,0.5,0.4267,-0.0733
15,2,0.1333,0.2,0.6,0.5067,-0.0933
15,2,0.1333,0.2,0.7,0.5867,-0.1133
15,2,0.1333,0.2,0.8,0.6667,-0.1333
15,2,0.1333,0.2,0.9,0.7467,-0.1533
15,2,0.1333,0.2,1.0,0.8267,-0.1733
15,2,0.1333,0.3,0.0,0.04,0.04
15,2,0.1333,0.3,0.1,0.11,0.01
15,2,0.1333,0.3,0.2,0.18,-0.02
15,2,0.1333,0.3,0.3,0.25,-0.05
15,2,0.1333,0.3,0.4,0.32,-0.08
15,2,0.1333,0.3,0.5,0.39,-0.11
15,2,0.1333,0.3,0.6,0.46,-0.14
15,2,0.1333,0.3,0.7,0.53,-0.17
15,2,0.1333,0.3,0.8,0.6,-0.2
15,2,0.1333,0.3,0.9,0.67,-0.23
15,2,0.1333,0.3,1.0,0.74,-0.26
15,2,0.1333,0.4,0.0,0.0533,0.0533
15,2,0.1333,0.4,0.1,0.1133,0.0133
15,2,0.1333,0.4,0.2,0.1733,-0.0267
15,2,0.1333,0.4,0.3,0.2333,-0.0667
15,2,0.1333,0.4,0.4,0.2933,-0.1067
15,2,0.1333,0.4,0.5,0.3533,-0.1467
15,2,0.1333,0.4,0.6,0.4133,-0.1867
15,2,0.1333,0.4,0.7,0.4733,-0.2267
15,2,0.1333,0.4,0.8,0.5333,-0.2667
15,2,0.1333,0.4,0.9,0.5933,-0.3067
15,2,0.1333,0.4,1.0,0.6533,-0.3467
15,2,0.1333,0.5,0.0,0.0667,0.0667
15,2,0.1333,0.5,0.1,0.1167,0.0167
15,2,0.1333,0.5,0.2,0.1667,-0.0333
15,2,0.1333,0.5,0.3,0.2167,-0.0833
15,2,0.1333,0.5,0.4,0.2667,-0.1333
15,2,0.1333,0.5,0.5,0.3167,-0.1833
15,2,0.1333,0.5,0.6,0.3667,-0.2333
15,2,0.1333,0.5,0.7,0.4167,-0.2833
15,2,0.1333,0.5,0.8,0.4667,-0.3333
15,2,0.1333,0.5,0.9,0.5167,-0.3833
15,2,0.1333,0.5,1.0,0.5667,-0.4333
15,2,0.1333,0.6,0.0,0.08,0.08
15,2,0.1333,0.6,0.1,0.12,0.02
15,2,0.1333,0.6,0.2,0.16,-0.04
15,2,0.1333,0.6,0.3,0.2,-0.1
15,2,0.1333,0.6,0.4,0.24,-0.16
15,2,0.1333,0.6,0.5,0.28,-0.22
15,2,0.1333,0.6,0.6,0.32,-0.28
15,2,0.1333,0.6,0.7,0.36,-0.34
15,2,0.1333,0.6,0.8,0.4,-0.4
15,2,0.1333,0.6,0.9,0.44,-0.46
15,2,0.1333,0.6,1.0,0.48,-0.52
15,2,0.1333,0.7,0.0,0.0933,0.0933
15,2,0.1333,0.7,0.1,0.1233,0.0233
15,2,0.1333,0.7,0.2,0.1533,-0.0467
15,2,0.1333,0.7,0.3,0.1833,-0.1167
15,2,0.1333,0.7,0.4,0.2133,-0.1867
15,2,0.1333,0.7,0.5,0.2433,-0.2567
15,2,0.1333,0.7,0.6,0.2733,-0.3267
15,2,0.1333,0.7,0.7,0.3033,-0.3967
15,2,0.1333,0.7,0.8,0.3333,-0.4667
15,2,0.1333,0.7,0.9,0.3633,-0.5367
15,2,0.1333,0.7,1.0,0.3933,-0.6067
15,2,0.1333,0.8,0.0,0.1067,0.1067
15,2,0.1333,0.8,0.1,0.1267,0.0267
15,2,0.1333,0.8,0.2,0.1467,-0.0533
15,2,0.1333,0.8,0.3,0.1667,-0.1333
15,2,0.1333,0.8,0.4,0.1867,-0.2133
15,2,0.1333,0.8,0.5,0.2067,-0.2933
15,2,0.1333,0.8,0.6,0.2267,-0.3733
15,2,0.1333,0.8,0.7,0.2467,-0.4533
15,2,0.1333,0.8,0.8,0.2667,-0.5333
15,2,0.1333,0.8,0.9,0.2867,-0.6133
15,2,0.1333,0.8,1.0,0.3067,-0.6933
15,2,0.1333,0.9,0.0,0.12,0.12
15,2,0.1333,0.9,0.1,0.13,0.03
15,2,0.1333,0.9,0.2,0.14,-0.06
15,2,0.1333,0.9,0.3,0.15,-0.15
15,2,0.1333,0.9,0.4,0.16,-0.24
15,2,0.1333,0.9,0.5,0.17,-0.33
15,2,0.1333,0.9,0.6,0.18,-0.42
15,2,0.1333,0.9,0.7,0.19,-0.51
15,2,0.1333,0.9,0.8,0.2,-0.6
15,2,0.1333,0.9,0.9,0.21,-0.69
15,2,0.1333,0.9,1.0,0.22,-0.78
15,3,0.2,0.1,0.0,0.02,0.02
15,3,0.2,0.1,0.1,0.11,0.01
15,3,0.2,0.1,0.2,0.2,0.0
15,3,0.2,0.1,0.3,0.29,-0.01
15,3,0.2,0.1,0.4,0.38,-0.02
15,3,0.2,0.1,0.5,0.47,-0.03
15,3,0.2,0.1,0.6,0.56,-0.04
15,3,0.2,0.1,0.7,0.65,-0.05
15,3,0.2,0.1,0.8,0.74,-0.06
15,3,0.2,0.1,0.9,0.83,-0.07
15,3,0.2,0.1,1.0,0.92,-0.08
15,3,0.2,0.2,0.0,0.04,0.04
15,3,0.2,0.2,0.1,0.12,0.02
15,3,0.2,0.2,0.2,0.2,0.0
15,3,0.2,0.2,0.3,0.28,-0.02
15,3,0.2,0.2,0.4,0.36,-0.04
15,3,0.2,0.2,0.5,0.44,-0.06
15,3,0.2,0.2,0.6,0.52,-0.08
15,3,0.2,0.2,0.7,0.6,-0.1
15,3,0.2,0.2,0.8,0.68,-0.12
15,3,0.2,0.2,0.9,0.76,-0.14
15,3,0.2,0.2,1.0,0.84,-0.16
15,3,0.2,0.3,0.0,0.06,0.06
15,3,0.2,0.3,0.1,0.13,0.03
15,3,0.2,0.3,0.2,0.2,0.0
15,3,0.2,0.3,0.3,0.27,-0.03
15,3,0.2,0.3,0.4,0.34,-0.06
15,3,0.2,0.3,0.5,0.41,-0.09
15,3,0.2,0.3,0.6,0.48,-0.12
15,3,0.2,0.3,0.7,0.55,-0.15
15,3,0.2,0.3,0.8,0.62,-0.18
15,3,0.2,0.3,0.9,0.69,-0.21
15,3,0.2,0.3,1.0,0.76,-0.24
15,3,0.2,0.4,0.0,0.08,0.08
15,3,0.2,0.4,0.1,0.14,0.04
15,3,0.2,0.4,0.2,0.2,0.0
15,3,0.2,0.4,0.3,0.26,-0.04
15,3,0.2,0.4,0.4,0.32,-0.08
15,3,0.2,0.4,0.5,0.38,-0.12
15,3,0.2,0.4,0.6,0.44,-0.16
15,3,0.2,0.4,0.7,0.5,-0.2
15,3,0.2,0.4,0.8,0.56,-0.24
15,3,0.2,0.4,0.9,0.62,-0.28
15,3,0.2,0.4,1.0,0.68,-0.32
15,3,0.2,0.5,0.0,0.1,0.1
15,3,0.2,0.5,0.1,0.15,0.05
15,3,0.2,0.5,0.2,0.2,0.0
15,3,0.2,0.5,0.3,0.25,-0.05
15,3,0.2,0.5,0.4,0.3,-0.1
15,3,0.2,0.5,0.5,0.35,-0.15
15,3,0.2,0.5,0.6,0.4,-0.2
15,3,0.2,0.5,0.7,0.45,-0.25
15,3,0.2,0.5,0.8,0.5,-0.3
15,3,0.2,0.5,0.9,0.55,-0.35
15,3,0.2,0.5,1.0,0.6,-0.4
15,3,0.2,0.6,0.0,0.12,0.12
15,3,0.2,0.6,0.1,0.16,0.06
15,3,0.2,0.6,0.2,0.2,0.0
15,3,0.2,0.6,0.3,0.24,-0.06
15,3,0.2,0.6,0.4,0.28,-0.12
15,3,0.2,0.6,0.5,0.32,-0.18
15,3,0.2,0.6,0.6,0.36,-0.24
15,3,0.2,0.6,0.7,0.4,-0.3
15,3,0.2,0.6,0.8,0.44,-0.36
15,3,0.2,0.6,0.9,0.48,-0.42
15,3,0.2,0.6,1.0,0.52,-0.48
15,3,0.2,0.7,0.0,0.14,0.14
15,3,0.2,0.7,0.1,0.17,0.07
15,3,0.2,0.7,0.2,0.2,0.0
15,3,0.2,0.7,0.3,0.23,-0.07
15,3,0.2,0.7,0.4,0.26,-0.14
15,3,0.2,0.7,0.5,0.29,-0.21
15,3,0.2,0.7,0.6,0.32,-0.28
15,3,0.2,0.7,0.7,0.35,-0.35
15,3,0.2,0.7,0.8,0.38,-0.42
15,3,0.2,0.7,0.9,0.41,-0.49
15,3,0.2,0.7,1.0,0.44,-0.56
15,3,0.2,0.8,0.0,0.16,0.16
15,3,0.2,0.8,0.1,0.18,0.08
15,3,0.2,0.8,0.2,0.2,0.0
15,3,0.2,0.8,0.3,0.22,-0.08
15,3,0.2,0.8,0.4,0.24,-0.16
15,3,0.2,0.8,0.5,0.26,-0.24
15,3,0.2,0.8,0.6,0.28,-0.32
15,3,0.2,0.8,0.7,0.3,-0.4
15,3,0.2,0.8,0.8,0.32,-0.48
15,3,0.2,0.8,0.9,0.34,-0.56
15,3,0.2,0.8,1.0,0.36,-0.64
15,3,0.2,0.9,0.0,0.18,0.18
15,3,0.2,0.9,0.1,0.19,0.09
15,3,0.2,0.9,0.2,0.2,0.0
15,3,0.2,0.9,0.3,0.21,-0.09
15,3,0.2,0.9,0.4,0.22,-0.18
15,3,0.2,0.9,0.5,0.23,-0.27
15,3,0.2,0.9,0.6,0.24,-0.36
15,3,0.2,0.9,0.7,0.25,-0.45
15,3,0.2,0.9,0.8,0.26,-0.54
15,3,0.2,0.9,0.9,0.27,-0.63
15,3,0.2,0.9,1.0,0.28,-0.72
15,4,0.2667,0.1,0.0,0.0267,0.0267
15,4,0.2667,0.1,0.1,0.1167,0.0167
15,4,0.2667,0.1,0.2,0.2067,0.0067
15,4,0.2667,0.1,0.3,0.2967,-0.0033
15,4,0.2667,0.1,0.4,0.3867,-0.0133
15,4,0.2667,0.1,0.5,0.4767,-0.0233
15,4,0.2667,0.1,0.6,0.5667,-0.0333
15,4,0.2667,0.1,0.7,0.6567,-0.0433
15,4,0.2667,0.1,0.8,0.7467,-0.0533
15,4,0.2667,0.1,0.9,0.8367,-0.0633
15,4,0.2667,0.1,1.0,0.9267,-0.0733
15,4,0.2667,0.2,0.0,0.0533,0.0533
15,4,0.2667,0.2,0.1,0.1333,0.0333
15,4,0.2667,0.2,0.2,0.2133,0.0133
15,4,0.2667,0.2,0.3,0.2933,-0.0067
15,4,0.2667,0.2,0.4,0.3733,-0.0267
15,4,0.2667,0.2,0.5,0.4533,-0.0467
15,4,0.2667,0.2,0.6,0.5333,-0.0667
15,4,0.2667,0.2,0.7,0.6133,-0.0867
15,4,0.2667,0.2,0.8,0.6933,-0.1067
15,4,0.2667,0.2,0.9,0.7733,-0.1267
15,4,0.2667,0.2,1.0,0.8533,-0.1467
15,4,0.2667,0.3,0.0,0.08,0.08
15,4,0.2667,0.3,0.1,0.15,0.05
15,4,0.2667,0.3,0.2,0.22,0.02
15,4,0.2667,0.3,0.3,0.29,-0.01
15,4,0.2667,0.3,0.4,0.36,-0.04
15,4,0.2667,0.3,0.5,0.43,-0.07
15,4,0.2667,0.3,0.6,0.5,-0.1
15,4,0.2667,0.3,0.7,0.57,-0.13
15,4,0.2667,0.3,0.8,0.64,-0.16
15,4,0.2667,0.3,0.9,0.71,-0.19
15,4,0.2667,0.3,1.0,0.78,-0.22
15,4,0.2667,0.4,0.0,0.1067,0.1067
15,4,0.2667,0.4,0.1,0.1667,0.0667
15,4,0.2667,0.4,0.2,0.2267,0.0267
15,4,0.2667,0.4,0.3,0.2867,-0.0133
15,4,0.2667,0.4,0.4,0.3467,-0.0533
15,4,0.2667,0.4,0.5,0.4067,-0.0933
15,4,0.2667,0.4,0.6,0.4667,-0.1333
15,4,0.2667,0.4,0.7,0.5267,-0.1733
15,4,0.2667,0.4,0.8,0.5867,-0.2133
15,4,0.2667,0.4,0.9,0.6467,-0.2533
15,4,0.2667,0.4,1.0,0.7067,-0.2933
15,4,0.2667,0.5,0.0,0.1333,0.1333
15,4,0.2667,0.5,0.1,0.1833,0.0833
15,4,0.2667,0.5,0.2,0.2333,0.0333
15,4,0.2667,0.5,0.3,0.2833,-0.0167
15,4,0.2667,0.5,0.4,0.3333,-0.0667
15,4,0.2667,0.5,0.5,0.3833,-0.1167
15,4,0.2667,0.5,0.6,0.4333,-0.1667
15,4,0.2667,0.5,0.7,0.4833,-0.2167
15,4,0.2667,0.5,0.8,0.5333,-0.2667
15,4,0.2667,0.5,0.9,0.5833,-0.3167
15,4,0.2667,0.5,1.0,0.6333,-0.3667
15,4,0.2667,0.6,0.0,0.16,0.16
15,4,0.2667,0.6,0.1,0.2,0.1
15,4,0.2667,0.6,0.2,0.24,0.04
15,4,0.2667,0.6,0.3,0.28,-0.02
15,4,0.2667,0.6,0.4,0.32,-0.08
15,4,0.2667,0.6,0.5,0.36,-0.14
15,4,0.2667,0.6,0.6,0.4,-0.2
15,4,0.2667,0.6,0.7,0.44,-0.26
15,4,0.2667,0.6,0.8,0.48,-0.32
15,4,0.2667,0.6,0.9,0.52,-0.38
15,4,0.2667,0.6,1.0,0.56,-0.44
15,4,0.2667,0.7,0.0,0.1867,0.1867
15,4,0.2667,0.7,0.1,0.2167,0.1167
15,4,0.2667,0.7,0.2,0.2467,0.0467
15,4,0.2667,0.7,0.3,0.2767,-0.0233
15,4,0.2667,0.7,0.4,0.3067,-0.0933
15,4,0.2667,0.7,0.5,0.3367,-0.1633
15,4,0.2667,0.7,0.6,0.3667,-0.2333
15,4,0.2667,0.7,0.7,0.3967,-0.3033
15,4,0.2667,0.7,0.8,0.4267,-0.3733
15,4,0.2667,0.7,0.9,0.4567,-0.4433
15,4,0.2667,0.7,1.0,0.4867,-0.5133
15,4,0.2667,0.8,0.0,0.2133,0.2133
15,4,0.2667,0.8,0.1,0.2333,0.1333
15,4,0.2667,0.8,0.2,0.2533,0.0533
15,4,0.2667,0.8,0.3,0.2733,-0.0267
15,4,0.2667,0.8,0.4,0.2933,-0.1067
15,4,0.2667,0.8,0.5,0.3133,-0.1867
15,4,0.2667,0.8,0.6,0.3333,-0.2667
15,4,0.2667,0.8,0.7,0.3533,-0.3467
15,4,0.2667,0.8,0.8,0.3733,-0.4267
15,4,0.2667,0.8,0.9,0.3933,-0.5067
15,4,0.2667,0.8,1.0,0.4133,-0.5867
15,4,0.2667,0.9,0.0,0.24,0.24
15,4,0.2667,0.9,0.1,0.25,0.15
15,4,0.2667,0.9,0.2,0.26,0.06
15,4,0.2667,0.9,0.3,0.27,-0.03
15,4,0.2667,0.9,0.4,0.28,-0.12
15,4,0.2667,0.9,0.5,0.29,-0.21
15,4,0.2667,0.9,0.6,0.3,-0.3
15,4,0.2667,0.9,0.7,0.31,-0.39
15,4,0.2667,0.9,0.8,0.32,-0.48
15,4,0.2667,0.9,0.9,0.33,-0.57
15,4,0.2667,0.9,1.0,0.34,-0.66
15,5,0.3333,0.1,0.0,0.0333,0.0333
15,5,0.3333,0.1,0.1,0.1233,0.0233
15,5,0.3333,0.1,0.2,0.2133,0.0133
15,5,0.3333,0.1,0.3,0.3033,0.0033
15,5,0.3333,0.1,0.4,0.3933,-0.0067
15,5,0.3333,0.1,0.5,0.4833,-0.0167
15,5,0.3333,0.1,0.6,0.5733,-0.0267
15,5,0.3333,0.1,0.7,0.6633,-0.0367
15,5,0.3333,0.1,0.8,0.7533,-0.0467
15,5,0.3333,0.1,0.9,0.8433,-0.0567
15,5,0.3333,0.1,1.0,0.9333,-0.0667
15,5,0.3333,0.2,0.0,0.0667,0.0667
15,5,0.3333,0.2,0.1,0.1467,0.0467
15,5,0.3333,0.2,0.2,0.2267,0.0267
15,5,0.3333,0.2,0.3,0.3067,0.0067
15,5,0.3333,0.2,0.4,0.3867,-0.0133
15,5,0.3333,0.2,0.5,0.4667,-0.0333
15,5,0.3333,0.2,0.6,0.5467,-0.0533
15,5,0.3333,0.2,0.7,0.6267,-0.0733
15,5,0.3333,0.2,0.8,0.7067,-0.0933
15,5,0.3333,0.2,0.9,0.7867,-0.1133
15,5,0.3333,0.2,1.0,0.8667,-0.1333
15,5,0.3333,0.3,0.0,0.1,0.1
15,5,0.3333,0.3,0.1,0.17,0.07
15,5,0.3333,0.3,0.2,0.24,0.04
15,5,0.3333,0.3,0.3,0.31,0.01
15,5,0.3333,0.3,0.4,0.38,-0.02
15,5,0.3333,0.3,0.5,0.45,-0.05
15,5,0.3333,0.3,0.6,0.52,-0.08
15,5,0.3333,0.3,0.7,0.59,-0.11
15,5,0.3333,0.3,0.8,0.66,-0.14
15,5,0.3333,0.3,0.9,0.73,-0.17
15,5,0.3333,0.3,1.0,0.8,-0.2
15,5,0.3333,0.4,0.0,0.1333,0.1333
15,5,0.3333,0.4,0.1,0.1933,0.0933
15,5,0.3333,0.4,0.2,0.2533,0.0533
15,5,0.3333,0.4,0.3,0.3133,0.0133
15,5,0.3333,0.4,0.4,0.3733,-0.0267
15,5,0.3333,0.4,0.5,0.4333,-0.0667
15,5,0.3333,0.4,0.6,0.4933,-0.1067
15,5,0.3333,0.4,0.7,0.5533,-0.1467
15,5,0.3333,0.4,0.8,0.6133,-0.1867
15,5,0.3333,0.4,0.9,0.6733,-0.2267
15,5,0.3333,0.4,1.0,0.7333,-0.2667
15,5,0.3333,0.5,0.0,0.1667,0.1667
15,5,0.3333,0.5,0.1,0.2167,0.1167
15,5,0.3333,0.5,0.2,0.2667,0.0667
15,5,0.3333,0.5,0.3,0.3167,0.0167
15,5,0.3333,0.5,0.4,0.3667,-0.0333
15,5,0.3333,0.5,0.5,0.4167,-0.0833
15,5,0.3333,0.5,0.6,0.4667,-0.1333
15,5,0.3333,0.5,0.7,0.5167,-0.1833
15,5,0.3333,0.5,0.8,0.5667,-0.2333
15,5,0.3333,0.5,0.9,0.6167,-0.2833
15,5,0.3333,0.5,1.0,0.6667,-0.3333
15,5,0.3333,0.6,0.0,0.2,0.2
15,5,0.3333,0.6,0.1,0.24,0.14
15,5,0.3333,0.6,0.2,0.28,0.08
15,5,0.3333,0.6,0.3,0.32,0.02
15,5,0.3333,0.6,0.4,0.36,-0.04
15,5,0.3333,0.6,0.5,0.4,-0.1
15,5,0.3333,0.6,0.6,0.44,-0.16
15,5,0.3333,0.6,0.7,0.48,-0.22
15,5,0.3333,0.6,0.8,0.52,-0.28
15,5,0.3333,0.6,0.9,0.56,-0.34
15,5,0.3333,0.6,1.0,0.6,-0.4
15,5,0.3333,0.7,0.0,0.2333,0.2333
15,5,0.3333,0.7,0.1,0.2633,0.1633
15,5,0.3333,0.7,0.2,0.2933,0.0933
15,5,0.3333,0.7,0.3,0.3233,0.0233
15,5,0.3333,0.7,0.4,0.3533,-0.0467
15,5,0.3333,0.7,0.5,0.3833,-0.1167
15,5,0.3333,0.7,0.6,0.4133,-0.1867
15,5,0.3333,0.7,0.7,0.4433,-0.2567
15,5,0.3333,0.7,0.8,0.4733,-0.3267
15,5,0.3333,0.7,0.9,0.5033,-0.3967
15,5,0.3333,0.7,1.0,0.5333,-0.4667
15,5,0.3333,0.8,0.0,0.2667,0.2667
15,5,0.3333,0.8,0.1,0.2867,0.1867
15,5,0.3333,0.8,0.2,0.3067,0.1067
15,5,0.3333,0.8,0.3,0.3267,0.0267
15,5,0.3333,0.8,0.4,0.3467,-0.0533
15,5,0.3333,0.8,0.5,0.3667,-0.1333
15,5,0.3333,0.8,0.6,0.3867,-0.2133
15,5,0.3333,0.8,0.7,0.4067,-0.2933
15,5,0.3333,0.8,0.8,0.4267,-0.3733
15,5,0.3333,0.8,0.9,0.4467,-0.4533
15,5,0.3333,0.8,1.0,0.4667,-0.5333
15,5,0.3333,0.9,0.0,0.3,0.3
15,5,0.3333,0.9,0.1,0.31,0.21
15,5,0.3333,0.9,0.2,0.32,0.12
15,5,0.3333,0.9,0.3,0.33,0.03
15,5,0.3333,0.9,0.4,0.34,-0.06
15,5,0.3333,0.9,0.5,0.35,-0.15
15,5,0.3333,0.9,0.6,0.36,-0.24
15,5,0.3333,0.9,0.7,0.37,-0.33
15,5,0.3333,0.9,0.8,0.38,-0.42
15,5,0.3333,0.9,0.9,0.39,-0.51
15,5,0.3333,0.9,1.0,0.4,-0.6
15,6,0.4,0.1,0.0,0.04,0.04
15,6,0.4,0.1,0.1,0.13,0.03
15,6,0.4,0.1,0.2,0.22,0.02
15,6,0.4,0.1,0.3,0.31,0.01
15,6,0.4,0.1,0.4,0.4,0.0
15,6,0.4,0.1,0.5,0.49,-0.01
15,6,0.4,0.1,0.6,0.58,-0.02
15,6,0.4,0.1,0.7,0.67,-0.03
15,6,0.4,0.1,0.8,0.76,-0.04
15,6,0.4,0.1,0.9,0.85,-0.05
15,6,0.4,0.1,1.0,0.94,-0.06
15,6,0.4,0.2,0.0,0.08,0.08
15,6,0.4,0.2,0.1,0.16,0.06
15,6,0.4,0.2,0.2,0.24,0.04
15,6,0.4,0.2,0.3,0.32,0.02
15,6,0.4,0.2,0.4,0.4,0.0
15,6,0.4,0.2,0.5,0.48,-0.02
15,6,0.4,0.2,0.6,0.56,-0.04
15,6,0.4,0.2,0.7,0.64,-0.06
15,6,0.4,0.2,0.8,0.72,-0.08
15,6,0.4,0.2,0.9,0.8,-0.1
15,6,0.4,0.2,1.0,0.88,-0.12
15,6,0.4,0.3,0.0,0.12,0.12
15,6,0.4,0.3,0.1,0.19,0.09
15,6,0.4,0.3,0.2,0.26,0.06
15,6,0.4,0.3,0.3,0.33,0.03
15,6,0.4,0.3,0.4,0.4,0.0
15,6,0.4,0.3,0.5,0.47,-0.03
15,6,0.4,0.3,0.6,0.54,-0.06
15,6,0.4,0.3,0.7,0.61,-0.09
15,6,0.4,0.3,0.8,0.68,-0.12
15,6,0.4,0.3,0.9,0.75,-0.15
15,6,0.4,0.3,1.0,0.82,-0.18
15,6,0.4,0.4,0.0,0.16,0.16
15,6,0.4,0.4,0.1,0.22,0.12
15,6,0.4,0.4,0.2,0.28,0.08
15,6,0.4,0.4,0.3,0.34,0.04
15,6,0.4,0.4,0.4,0.4,0.0
15,6,0.4,0.4,0.5,0.46,-0.04
15,6,0.4,0.4,0.6,0.52,-0.08
15,6,0.4,0.4,0.7,0.58,-0.12
15,6,0.4,0.4,0.8,0.64,-0.16
15,6,0.4,0.4,0.9,0.7,-0.2
15,6,0.4,0.4,1.0,0.76,-0.24
15,6,0.4,0.5,0.0,0.2,0.2
15,6,0.4,0.5,0.1,0.25,0.15
15,6,0.4,0.5,0.2,0.3,0.1
15,6,0.4,0.5,0.3,0.35,0.05
15,6,0.4,0.5,0.4,0.4,0.0
15,6,0.4,0.5,0.5,0.45,-0.05
15,6,0.4,0.5,0.6,0.5,-0.1
15,6,0.4,0.5,0.7,0.55,-0.15
15,6,0.4,0.5,0.8,0.6,-0.2
15,6,0.4,0.5,0.9,0.65,-0.25
15,6,0.4,0.5,1.0,0.7,-0.3
15,6,0.4,0.6,0.0,0.24,0.24
15,6,0.4,0.6,0.1,0.28,0.18
15,6,0.4,0.6,0.2,0.32,0.12
15,6,0.4,0.6,0.3,0.36,0.06
15,6,0.4,0.6,0.4,0.4,0.0
15,6,0.4,0.6,0.5,0.44,-0.06
15,6,0.4,0.6,0.6,0.48,-0.12
15,6,0.4,0.6,0.7,0.52,-0.18
15,6,0.4,0.6,0.8,0.56,-0.24
15,6,0.4,0.6,0.9,0.6,-0.3
15,6,0.4,0.6,1.0,0.64,-0.36
15,6,0.4,0.7,0.0,0.28,0.28
15,6,0.4,0.7,0.1,0.31,0.21
15,6,0.4,0.7,0.2,0.34,0.14
15,6,0.4,0.7,0.3,0.37,0.07
15,6,0.4,0.7,0.4,0.4,0.0
15,6,0.4,0.7,0.5,0.43,-0.07
15,6,0.4,0.7,0.6,0.46,-0.14
15,6,0.4,0.7,0.7,0.49,-0.21
15,6,0.4,0.7,0.8,0.52,-0.28
15,6,0.4,0.7,0.9,0.55,-0.35
15,6,0.4,0.7,1.0,0.58,-0.42
15,6,0.4,0.8,0.0,0.32,0.32
15,6,0.4,0.8,0.1,0.34,0.24
15,6,0.4,0.8,0.2,0.36,0.16
15,6,0.4,0.8,0.3,0.38,0.08
15,6,0.4,0.8,0.4,0.4,0.0
15,6,0.4,0.8,0.5,0.42,-0.08
15,6,0.4,0.8,0.6,0.44,-0.16
15,6,0.4,0.8,0.7,0.46,-0.24
15,6,0.4,0.8,0.8,0.48,-0.32
15,6,0.4,0.8,0.9,0.5,-0.4
15,6,0.4,0.8,1.0,0.52,-0.48
15,6,0.4,0.9,0.0,0.36,0.36
15,6,0.4,0.9,0.1,0.37,0.27
15,6,0.4,0.9,0.2,0.38,0.18
15,6,0.4,0.9,0.3,0.39,0.09
15,6,0.4,0.9,0.4,0.4,0.0
15,6,0.4,0.9,0.5,0.41,-0.09
15,6,0.4,0.9,0.6,0.42,-0.18
15,6,0.4,0.9,0.7,0.43,-0.27
15,6,0.4,0.9,0.8,0.44,-0.36
15,6,0.4,0.9,0.9,0.45,-0.45
15,6,0.4,0.9,1.0,0.46,-0.54
15,7,0.4667,0.1,0.0,0.0467,0.0467
15,7,0.4667,0.1,0.1,0.1367,0.0367
15,7,0.4667,0.1,0.2,0.2267,0.0267
15,7,0.4667,0.1,0.3,0.3167,0.0167
15,7,0.4667,0.1,0.4,0.4067,0.0067
15,7,0.4667,0.1,0.5,0.4967,-0.0033
15,7,0.4667,0.1,0.6,0.5867,-0.0133
15,7,0.4667,0.1,0.7,0.6767,-0.0233
15,7,0.4667,0.1,0.8,0.7667,-0.0333
15,7,0.4667,0.1,0.9,0.8567,-0.0433
15,7,0.4667,0.1,1.0,0.9467,-0.0533
15,7,0.4667,0.2,0.0,0.0933,0.0933
15,7,0.4667,0.2,0.1,0.1733,0.0733
15,7,0.4667,0.2,0.2,0.2533,0.0533
15,7,0.4667,0.2,0.3,0.3333,0.0333
15,7,0.4667,0.2,0.4,0.4133,0.0133
15,7,0.4667,0.2,0.5,0.4933,-0.0067
15,7,0.4667,0.2,0.6,0.5733,-0.0267
15,7,0.4667,0.2,0.7,0.6533,-0.0467
15,7,0.4667,0.2,0.8,0.7333,-0.0667
15,7,0.4667,0.2,0.9,0.8133,-0.0867
15,7,0.4667,0.2,1.0,0.8933,-0.1067
15,7,0.4667,0.3,0.0,0.14,0.14
15,7,0.4667,0.3,0.1,0.21,0.11
15,7,0.4667,0.3,0.2,0.28,0.08
15,7,0.4667,0.3,0.3,0.35,0.05
15,7,0.4667,0.3,0.4,0.42,0.02
15,7,0.4667,0.3,0.5,0.49,-0.01
15,7,0.4667,0.3,0.6,0.56,-0.04
15,7,0.4667,0.3,0.7,0.63,-0.07
15,7,0.4667,0.3,0.8,0.7,-0.1
15,7,0.4667,0.3,0.9,0.77,-0.13
15,7,0.4667,0.3,1.0,0.84,-0.16
15,7,0.4667,0.4,0.0,0.1867,0.1867
15,7,0.4667,0.4,0.1,0.2467,0.1467
15,7,0.4667,0.4,0.2,0.3067,0.1067
15,7,0.4667,0.4,0.3,0.3667,0.0667
15,7,0.4667,0.4,0.4,0.4267,0.0267
15,7,0.4667,0.4,0.5,0.4867,-0.0133
15,7,0.4667,0.4,0.6,0.5467,-0.0533
15,7,0.4667,0.4,0.7,0.6067,-0.0933
15,7,0.4667,0.4,0.8,0.6667,-0.1333
15,7,0.4667,0.4,0.9,0.7267,-0.1733
15,7,0.4667,0.4,1.0,0.7867,-0.2133
15,7,0.4667,0.5,0.0,0.2333,0.2333
15,7,0.4667,0.5,0.1,0.2833,0.1833
15,7,0.4667,0.5,0.2,0.3333,0.1333
15,7,0.4667,0.5,0.3,0.3833,0.0833
15,7,0.4667,0.5,0.4,0.4333,0.0333
15,7,0.4667,0.5,0.5,0.4833,-0.0167
15,7,0.4667,0.5,0.6,0.5333,-0.0667
15,7,0.4667,0.5,0.7,0.5833,-0.1167
15,7,0.4667,0.5,0.8,0.6333,-0.1667
15,7,0.4667,0.5,0.9,0.6833,-0.2167
15,7,0.4667,0.5,1.0,0.7333,-0.2667
15,7,0.4667,0.6,0.0,0.28,0.28
15,7,0.4667,0.6,0.1,0.32,0.22
15,7,0.4667,0.6,0.2,0.36,0.16
15,7,0.4667,0.6,0.3,0.4,0.1
15,7,0.4667,0.6,0.4,0.44,0.04
15,7,0.4667,0.6,0.5,0.48,-0.02
15,7,0.4667,0.6,0.6,0.52,-0.08
15,7,0.4667,0.6,0.7,0.56,-0.14
15,7,0.4667,0.6,0.8,0.6,-0.2
15,7,0.4667,0.6,0.9,0.64,-0.26
15,7,0.4667,0.6,1.0,0.68,-0.32
15,7,0.4667,0.7,0.0,0.3267,0.3267
15,7,0.4667,0.7,0.1,0.3567,0.2567
15,7,0.4667,0.7,0.2,0.3867,0.1867
15,7,0.4667,0.7,0.3,0.4167,0.1167
15,7,0.4667,0.7,0.4,0.4467,0.0467
15,7,0.4667,0.7,0.5,0.4767,-0.0233
15,7,0.4667,0.7,0.6,0.5067,-0.0933
15,7,0.4667,0.7,0.7,0.5367,-0.1633
15,7,0.4667,0.7,0.8,0.5667,-0.2333
15,7,0.4667,0.7,0.9,0.5967,-0.3033
15,7,0.4667,0.7,1.0,0.6267,-0.3733
15,7,0.4667,0.8,0.0,0.3733,0.3733
15,7,0.4667,0.8,0.1,0.3933,0.2933
15,7,0.4667,0.8,0.2,0.4133,0.2133
15,7,0.4667,0.8,0.3,0.4333,0.1333
15,7,0.4667,0.8,0.4,0.4533,0.0533
15,7,0.4667,0.8,0.5,0.4733,-0.0267
15,7,0.4667,0.8,0.6,0.4933,-0.1067
15,7,0.4667,0.8,0.7,0.5133,-0.1867
15,7,0.4667,0.8,0.8,0.5333,-0.2667
15,7,0.4667,0.8,0.9,0.5533,-0.3467
15,7,0.4667,0.8,1.0,0.5733,-0.4267
15,7,0.4667,0.9,0.0,0.42,0.42
15,7,0.4667,0.9,0.1,0.43,0.33
15,7,0.4667,0.9,0.2,0.44,0.24
15,7,0.4667,0.9,0.3,0.45,0.15
15,7,0.4667,0.9,0.4,0.46,0.06
15,7,0.4667,0.9,0.5,0.47,-0.03
15,7,0.4667,0.9,0.6,0.48,-0.12
15,7,0.4667,0.9,0.7,0.49,-0.21
15,7,0.4667,0.9,0.8,0.5,-0.3
15,7,0.4667,0.9,0.9,0.51,-0.39
15,7,0.4667,0.9,1.0,0.52,-0.48
15,8,0.5333,0.1,0.0,0.0533,0.0533
15,8,0.5333,0.1,0.1,0.1433,0.0433
15,8,0.5333,0.1,0.2,0.2333,0.0333
15,8,0.5333,0.1,0.3,0.3233,0.0233
15,8,0.5333,0.1,0.4,0.4133,0.0133
15,8,0.5333,0.1,0.5,0.5033,0.0033
15,8,0.5333,0.1,0.6,0.5933,-0.0067
15,8,0.5333,0.1,0.7,0.6833,-0.0167
15,8,0.5333,0.1,0.8,0.7733,-0.0267
15,8,0.5333,0.1,0.9,0.8633,-0.0367
15,8,0.5333,0.1,1.0,0.9533,-0.0467
15,8,0.5333,0.2,0.0,0.1067,0.1067
15,8,0.5333,0.2,0.1,0.1867,0.0867
15,8,0.5333,0.2,0.2,0.2667,0.0667
15,8,0.5333,0.2,0.3,0.3467,0.0467
15,8,0.5333,0.2,0.4,0.4267,0.0267
15,8,0.5333,0.2,0.5,0.5067,0.0067
15,8,0.5333,0.2,0.6,0.5867,-0.0133
15,8,0.5333,0.2,0.7,0.6667,-0.0333
15,8,0.5333,0.2,0.8,0.7467,-0.0533
15,8,0.5333,0.2,0.9,0.8267,-0.0733
15,8,0.5333,0.2,1.0,0.9067,-0.0933
15,8,0.5333,0.3,0.0,0.16,0.16
15,8,0.5333,0.3,0.1,0.23,0.13
15,8,0.5333,0.3,0.2,0.3,0.1
15,8,0.5333,0.3,0.3,0.37,0.07
15,8,0.5333,0.3,0.4,0.44,0.04
15,8,0.5333,0.3,0.5,0.51,0.01
15,8,0.5333,0.3,0.6,0.58,-0.02
15,8,0.5333,0.3,0.7,0.65,-0.05
15,8,0.5333,0.3,0.8,0.72,-0.08
15,8,0.5333,0.3,0.9,0.79,-0.11
15,8,0.5333,0.3,1.0,0.86,-0.14
15,8,0.5333,0.4,0.0,0.2133,0.2133
15,8,0.5333,0.4,0.1,0.2733,0.1733
15,8,0.5333,0.4,0.2,0.3333,0.1333
15,8,0.5333,0.4,0.3,0.3933,0.0933
15,8,0.5333,0.4,0.4,0.4533,0.0533
15,8,0.5333,0.4,0.5,0.5133,0.0133
15,8,0.5333,0.4,0.6,0.5733,-0.0267
15,8,0.5333,0.4,0.7,0.6333,-0.0667
15,8,0.5333,0.4,0.8,0.6933,-0.1067
15,8,0.5333,0.4,0.9,0.7533,-0.1467
15,8,0.5333,0.4,1.0,0.8133,-0.1867
15,8,0.5333,0.5,0.0,0.2667,0.2667
15,8,0.5333,0.5,0.1,0.3167,0.2167
15,8,0.5333,0.5,0.2,0.3667,0.1667
15,8,0.5333,0.5,0.3,0.4167,0.1167
15,8,0.5333,0.5,0.4,0.4667,0.0667
15,8,0.5333,0.5,0.5,0.5167,0.0167
15,8,0.5333,0.5,0.6,0.5667,-0.0333
15,8,0.5333,0.5,0.7,0.6167,-0.0833
15,8,0.5333,0.5,0.8,0.6667,-0.1333
15,8,0.5333,0.5,0.9,0.7167,-0.1833
15,8,0.5333,0.5,1.0,0.7667,-0.2333
15,8,0.5333,0.6,0.0,0.32,0.32
15,8,0.5333,0.6,0.1,0.36,0.26
15,8,0.5333,0.6,0.2,0.4,0.2
15,8,0.5333,0.6,0.3,0.44,0.14
15,8,0.5333,0.6,0.4,0.48,0.08
15,8,0.5333,0.6,0.5,0.52,0.02
15,8,0.5333,0.6,0.6,0.56,-0.04
15,8,0.5333,0.6,0.7,0.6,-0.1
15,8,0.5333,0.6,0.8,0.64,-0.16
15,8,0.5333,0.6,0.9,0.68,-0.22
15,8,0.5333,0.6,1.0,0.72,-0.28
15,8,0.5333,0.7,0.0,0.3733,0.3733
15,8,0.5333,0.7,0.1,0.4033,0.3033
15,8,0.5333,0.7,0.2,0.4333,0.2333
15,8,0.5333,0.7,0.3,0.4633,0.1633
15,8,0.5333,0.7,0.4,0.4933,0.0933
15,8,0.5333,0.7,0.5,0.5233,0.0233
15,8,0.5333,0.7,0.6,0.5533,-0.0467
15,8,0.5333,0.7,0.7,0.5833,-0.1167
15,8,0.5333,0.7,0.8,0.6133,-0.1867
15,8,0.5333,0.7,0.9,0.6433,-0.2567
15,8,0.5333,0.7,1.0,0.6733,-0.3267
15,8,0.5333,0.8,0.0,0.4267,0.4267
15,8,0.5333,0.8,0.1,0.4467,0.3467
15,8,0.5333,0.8,0.2,0.4667,0.2667
15,8,0.5333,0.8,0.3,0.4867,0.1867
15,8,0.5333,0.8,0.4,0.5067,0.1067
15,8,0.5333,0.8,0.5,0.5267,0.0267
15,8,0.5333,0.8,0.6,0.5467,-0.0533
15,8,0.5333,0.8,0.7,0.5667,-0.1333
15,8,0.5333,0.8,0.8,0.5867,-0.2133
15,8,0.5333,0.8,0.9,0.6067,-0.2933
15,8,0.5333,0.8,1.0,0.6267,-0.3733
15,8,0.5333,0.9,0.0,0.48,0.48
15,8,0.5333,0.9,0.1,0.49,0.39
15,8,0.5333,0.9,0.2,0.5,0.3
15,8,0.5333,0.9,0.3,0.51,0.21
15,8,0.5333,0.9,0.4,0.52,0.12
15,8,0.5333,0.9,0.5,0.53,0.03
15,8,0.5333,0.9,0.6,0.54,-0.06
15,8,0.5333,0.9,0.7,0.55,-0.15
15,8,0.5333,0.9,0.8,0.56,-0.24
15,8,0.5333,0.9,0.9,0.57,-0.33
15,8,0.5333,0.9,1.0,0.58,-0.42
15,9,0.6,0.1,0.0,0.06,0.06
15,9,0.6,0.1,0.1,0.15,0.05
15,9,0.6,0.1,0.2,0.24,0.04
15,9,0.6,0.1,0.3,0.33,0.03
15,9,0.6,0.1,0.4,0.42,0.02
15,9,0.6,0.1,0.5,0.51,0.01
15,9,0.6,0.1,0.6,0.6,0.0
15,9,0.6,0.1,0.7,0.69,-0.01
15,9,0.6,0.1,0.8,0.78,-0.02
15,9,0.6,0.1,0.9,0.87,-0.03
15,9,0.6,0.1,1.0,0.96,-0.04
15,9,0.6,0.2,0.0,0.12,0.12
15,9,0.6,0.2,0.1,0.2,0.1
15,9,0.6,0.2,0.2,0.28,0.08
15,9,0.6,0.2,0.3,0.36,0.06
15,9,0.6,0.2,0.4,0.44,0.04
15,9,0.6,0.2,0.5,0.52,0.02
15,9,0.6,0.2,0.6,0.6,0.0
15,9,0.6,0.2,0.7,0.68,-0.02
15,9,0.6,0.2,0.8,0.76,-0.04
15,9,0.6,0.2,0.9,0.84,-0.06
15,9,0.6,0.2,1.0,0.92,-0.08
15,9,0.6,0.3,0.0,0.18,0.18
15,9,0.6,0.3,0.1,0.25,0.15
15,9,0.6,0.3,0.2,0.32,0.12
15,9,0.6,0.3,0.3,0.39,0.09
15,9,0.6,0.3,0.4,0.46,0.06
15,9,0.6,0.3,0.5,0.53,0.03
15,9,0.6,0.3,0.6,0.6,0.0
15,9,0.6,0.3,0.7,0.67,-0.03
15,9,0.6,0.3,0.8,0.74,-0.06
15,9,0.6,0.3,0.9,0.81,-0.09
15,9,0.6,0.3,1.0,0.88,-0.12
15,9,0.6,0.4,0.0,0.24,0.24
15,9,0.6,0.4,0.1,0.3,0.2
15,9,0.6,0.4,0.2,0.36,0.16
15,9,0.6,0.4,0.3,0.42,0.12
15,9,0.6,0.4,0.4,0.48,0.08
15,9,0.6,0.4,0.5,0.54,0.04
15,9,0.6,0.4,0.6,0.6,0.0
15,9,0.6,0.4,0.7,0.66,-0.04
15,9,0.6,0.4,0.8,0.72,-0.08
15,9,0.6,0.4,0.9,0.78,-0.12
15,9,0.6,0.4,1.0,0.84,-0.16
15,9,0.6,0.5,0.0,0.3,0.3
15,9,0.6,0.5,0.1,0.35,0.25
15,9,0.6,0.5,0.2,0.4,0.2
15,9,0.6,0.5,0.3,0.45,0.15
15,9,0.6,0.5,0.4,0.5,0.1
15,9,0.6,0.5,0.5,0.55,0.05
15,9,0.6,0.5,0.6,0.6,0.0
15,9,0.6,0.5,0.7,0.65,-0.05
15,9,0.6,0.5,0.8,0.7,-0.1
15,9,0.6,0.5,0.9,0.75,-0.15
15,9,0.6,0.5,1.0,0.8,-0.2
15,9,0.6,0.6,0.0,0.36,0.36
15,9,0.6,0.6,0.1,0.4,0.3
15,9,0.6,0.6,0.2,0.44,0.24
15,9,0.6,0.6,0.3,0.48,0.18
15,9,0.6,0.6,0.4,0.52,0.12
15,9,0.6,0.6,0.5,0.56,0.06
15,9,0.6,0.6,0.6,0.6,-0.0
15,9,0.6,0.6,0.7,0.64,-0.06
15,9,0.6,0.6,0.8,0.68,-0.12
15,9,0.6,0.6,0.9,0.72,-0.18
15,9,0.6,0.6,1.0,0.76,-0.24
15,9,0.6,0.7,0.0,0.42,0.42
15,9,0.6,0.7,0.1,0.45,0.35
15,9,0.6,0.7,0.2,0.48,0.28
15,9,0.6,0.7,0.3,0.51,0.21
15,9,0.6,0.7,0.4,0.54,0.14
15,9,0.6,0.7,0.5,0.57,0.07
15,9,0.6,0.7,0.6,0.6,-0.0
15,9,0.6,0.7,0.7,0.63,-0.07
15,9,0.6,0.7,0.8,0.66,-0.14
15,9,0.6,0.7,0.9,0.69,-0.21
15,9,0.6,0.7,1.0,0.72,-0.28
15,9,0.6,0.8,0.0,0.48,0.48
15,9,0.6,0.8,0.1,0.5,0.4
15,9,0.6,0.8,0.2,0.52,0.32
15,9,0.6,0.8,0.3,0.54,0.24
15,9,0.6,0.8,0.4,0.56,0.16
15,9,0.6,0.8,0.5,0.58,0.08
15,9,0.6,0.8,0.6,0.6,-0.0
15,9,0.6,0.8,0.7,0.62,-0.08
15,9,0.6,0.8,0.8,0.64,-0.16
15,9,0.6,0.8,0.9,0.66,-0.24
15,9,0.6,0.8,1.0,0.68,-0.32
15,9,0.6,0.9,0.0,0.54,0.54
15,9,0.6,0.9,0.1,0.55,0.45
15,9,0.6,0.9,0.2,0.56,0.36
15,9,0.6,0.9,0.3,0.57,0.27
15,9,0.6,0.9,0.4,0.58,0.18
15,9,0.6,0.9,0.5,0.59,0.09
15,9,0.6,0.9,0.6,0.6,-0.0
15,9,0.6,0.9,0.7,0.61,-0.09
15,9,0.6,0.9,0.8,0.62,-0.18
15,9,0.6,0.9,0.9,0.63,-0.27
15,9,0.6,0.9,1.0,0.64,-0.36
15,10,0.6667,0.1,0.0,0.0667,0.0667
15,10,0.6667,0.1,0.1,0.1567,0.0567
15,10,0.6667,0.1,0.2,0.2467,0.0467
15,10,0.6667,0.1,0.3,0.3367,0.0367
15,10,0.6667,0.1,0.4,0.4267,0.0267
15,10,0.6667,0.1,0.5,0.5167,0.0167
15,10,0.6667,0.1,0.6,0.6067,0.0067
15,10,0.6667,0.1,0.7,0.6967,-0.0033
15,10,0.6667,0.1,0.8,0.7867,-0.0133
15,10,0.6667,0.1,0.9,0.8767,-0.0233
15,10,0.6667,0.1,1.0,0.9667,-0.0333
15,10,0.6667,0.2,0.0,0.1333,0.1333
15,10,0.6667,0.2,0.1,0.2133,0.1133
15,10,0.6667,0.2,0.2,0.2933,0.0933
15,10,0.6667,0.2,0.3,0.3733,0.0733
15,10,0.6667,0.2,0.4,0.4533,0.0533
15,10,0.6667,0.2,0.5,0.5333,0.0333
15,10,0.6667,0.2,0.6,0.6133,0.0133
15,10,0.6667,0.2,0.7,0.6933,-0.0067
15,10,0.6667,0.2,0.8,0.7733,-0.0267
15,10,0.6667,0.2,0.9,0.8533,-0.0467
15,10,0.6667,0.2,1.0,0.9333,-0.0667
15,10,0.6667,0.3,0.0,0.2,0.2
15,10,0.6667,0.3,0.1,0.27,0.17
15,10,0.6667,0.3,0.2,0.34,0.14
15,10,0.6667,0.3,0.3,0.41,0.11
15,10,0.6667,0.3,0.4,0.48,0.08
15,10,0.6667,0.3,0.5,0.55,0.05
15,10,0.6667,0.3,0.6,0.62,0.02
15,10,0.6667,0.3,0.7,0.69,-0.01
15,10,0.6667,0.3,0.8,0.76,-0.04
15,10,0.6667,0.3,0.9,0.83,-0.07
15,10,0.6667,0.3,1.0,0.9,-0.1
15,10,0.6667,0.4,0.0,0.2667,0.2667
15,10,0.6667,0.4,0.1,0.3267,0.2267
15,10,0.6667,0.4,0.2,0.3867,0.1867
15,10,0.6667,0.4,0.3,0.4467,0.1467
15,10,0.6667,0.4,0.4,0.5067,0.1067
15,10,0.6667,0.4,0.5,0.5667,0.0667
15,10,0.6667,0.4,0.6,0.6267,0.0267
15,10,0.6667,0.4,0.7,0.6867,-0.0133
15,10,0.6667,0.4,0.8,0.7467,-0.0533
15,10,0.6667,0.4,0.9,0.8067,-0.0933
15,10,0.6667,0.4,1.0,0.8667,-0.1333
15,10,0.6667,0.5,0.0,0.3333,0.3333
15,10,0.6667,0.5,0.1,0.3833,0.2833
15,10,0.6667,0.5,0.2,0.4333,0.2333
15,10,0.6667,0.5,0.3,0.4833,0.1833
15,10,0.6667,0.5,0.4,0.5333,0.1333
15,10,0.6667,0.5,0.5,0.5833,0.0833
15,10,0.6667,0.5,0.6,0.6333,0.0333
15,10,0.6667,0.5,0.7,0.6833,-0.0167
15,10,0.6667,0.5,0.8,0.7333,-0.0667
15,10,0.6667,0.5,0.9,0.7833,-0.1167
15,10,0.6667,0.5,1.0,0.8333,-0.1667
15,10,0.6667,0.6,0.0,0.4,0.4
15,10,0.6667,0.6,0.1,0.44,0.34
15,10,0.6667,0.6,0.2,0.48,0.28
15,10,0.6667,0.6,0.3,0.52,0.22
15,10,0.6667,0.6,0.4,0.56,0.16
15,10,0.6667,0.6,0.5,0.6,0.1
15,10,0.6667,0.6,0.6,0.64,0.04
15,10,0.6667,0.6,0.7,0.68,-0.02
15,10,0.6667,0.6,0.8,0.72,-0.08
15,10,0.6667,0.6,0.9,0.76,-0.14
15,10,0.6667,0.6,1.0,0.8,-0.2
15,10,0.6667,0.7,0.0,0.4667,0.4667
15,10,0.6667,0.7,0.1,0.4967,0.3967
15,10,0.6667,0.7,0.2,0.5267,0.3267
15,10,0.6667,0.7,0.3,0.5567,0.2567
15,10,0.6667,0.7,0.4,0.5867,0.1867
15,10,0.6667,0.7,0.5,0.6167,0.1167
15,10,0.6667,0.7,0.6,0.6467,0.0467
15,10,0.6667,0.7,0.7,0.6767,-0.0233
15,10,0.6667,0.7,0.8,0.7067,-0.0933
15,10,0.6667,0.7,0.9,0.7367,-0.1633
15,10,0.6667,0.7,1.0,0.7667,-0.2333
15,10,0.6667,0.8,0.0,0.5333,0.5333
15,10,0.6667,0.8,0.1,0.5533,0.4533
15,10,0.6667,0.8,0.2,0.5733,0.3733
15,10,0.6667,0.8,0.3,0.5933,0.2933
15,10,0.6667,0.8,0.4,0.6133,0.2133
15,10,0.6667,0.8,0.5,0.6333,0.1333
15,10,0.6667,0.8,0.6,0.6533,0.0533
15,10,0.6667,0.8,0.7,0.6733,-0.0267
15,10,0.6667,0.8,0.8,0.6933,-0.1067
15,10,0.6667,0.8,0.9,0.7133,-0.1867
15,10,0.6667,0.8,1.0,0.7333,-0.2667
15,10,0.6667,0.9,0.0,0.6,0.6
15,10,0.6667,0.9,0.1,0.61,0.51
15,10,0.6667,0.9,0.2,0.62,0.42
15,10,0.6667,0.9,0.3,0.63,0.33
15,10,0.6667,0.9,0.4,0.64,0.24
15,10,0.6667,0.9,0.5,0.65,0.15
15,10,0.6667,0.9,0.6,0.66,0.06
15,10,0.6667,0.9,0.7,0.67,-0.03
15,10,0.6667,0.9,0.8,0.68,-0.12
15,10,0.6667,0.9,0.9,0.69,-0.21
15,10,0.6667,0.9,1.0,0.7,-0.3
15,11,0.7333,0.1,0.0,0.0733,0.0733
15,11,0.7333,0.1,0.1,0.1633,0.0633
15,11,0.7333,0.1,0.2,0.2533,0.0533
15,11,0.7333,0.1,0.3,0.3433,0.0433
15,11,0.7333,0.1,0.4,0.4333,0.0333
15,11,0.7333,0.1,0.5,0.5233,0.0233
15,11,0.7333,0.1,0.6,0.6133,0.0133
15,11,0.7333,0.1,0.7,0.7033,0.0033
15,11,0.7333,0.1,0.8,0.7933,-0.0067
15,11,0.7333,0.1,0.9,0.8833,-0.0167
15,11,0.7333,0.1,1.0,0.9733,-0.0267
15,11,0.7333,0.2,0.0,0.1467,0.1467
15,11,0.7333,0.2,0.1,0.2267,0.1267
15,11,0.7333,0.2,0.2,0.3067,0.1067
15,11,0.7333,0.2,0.3,0.3867,0.0867
15,11,0.7333,0.2,0.4,0.4667,0.0667
15,11,0.7333,0.2,0.5,0.5467,0.0467
15,11,0.7333,0.2,0.6,0.6267,0.0267
15,11,0.7333,0.2,0.7,0.7067,0.0067
15,11,0.7333,0.2,0.8,0.7867,-0.0133
15,11,0.7333,0.2,0.9,0.8667,-0.0333
15,11,0.7333,0.2,1.0,0.9467,-0.0533
15,11,0.7333,0.3,0.0,0.22,0.22
15,11,0.7333,0.3,0.1,0.29,0.19
15,11,0.7333,0.3,0.2,0.36,0.16
15,11,0.7333,0.3,0.3,0.43,0.13
15,11,0.7333,0.3,0.4,0.5,0.1
15,11,0.7333,0.3,0.5,0.57,0.07
15,11,0.7333,0.3,0.6,0.64,0.04
15,11,0.7333,0.3,0.7,0.71,0.01
15,11,0.7333,0.3,0.8,0.78,-0.02
15,11,0.7333,0.3,0.9,0.85,-0.05
15,11,0.7333,0.3,1.0,0.92,-0.08
15,11,0.7333,0.4,0.0,0.2933,0.2933
15,11,0.7333,0.4,0.1,0.3533,0.2533
15,11,0.7333,0.4,0.2,0.4133,0.2133
15,11,0.7333,0.4,0.3,0.4733,0.1733
15,11,0.7333,0.4,0.4,0.5333,0.1333
15,11,0.7333,0.4,0.5,0.5933,0.0933
15,11,0.7333,0.4,0.6,0.6533,0.0533
15,11,0.7333,0.4,0.7,0.7133,0.0133
15,11,0.7333,0.4,0.8,0.7733,-0.0267
15,11,0.7333,0.4,0.9,0.8333,-0.0667
15,11,0.7333,0.4,1.0,0.8933,-0.1067
15,11,0.7333,0.5,0.0,0.3667,0.3667
15,11,0.7333,0.5,0.1,0.4167,0.3167
15,11,0.7333,0.5,0.2,0.4667,0.2667
15,11,0.7333,0.5,0.3,0.5167,0.2167
15,11,0.7333,0.5,0.4,0.5667,0.1667
15,11,0.7333,0.5,0.5,0.6167,0.1167
15,11,0.7333,0.5,0.6,0.6667,0.0667
15,11,0.7333,0.5,0.7,0.7167,0.0167
15,11,0.7333,0.5,0.8,0.7667,-0.0333
15,11,0.7333,0.5,0.9,0.8167,-0.0833
15,11,0.7333,0.5,1.0,0.8667,-0.1333
15,11,0.7333,0.6,0.0,0.44,0.44
15,11,0.7333,0.6,0.1,0.48,0.38
15,11,0.7333,0.6,0.2,0.52,0.32
15,11,0.7333,0.6,0.3,0.56,0.26
15,11,0.7333,0.6,0.4,0.6,0.2
15,11,0.7333,0.6,0.5,0.64,0.14
15,11,0.7333,0.6,0.6,0.68,0.08
15,11,0.7333,0.6,0.7,0.72,0.02
15,11,0.7333,0.6,0.8,0.76,-0.04
15,11,0.7333,0.6,0.9,0.8,-0.1
15,11,0.7333,0.6,1.0,0.84,-0.16
15,11,0.7333,0.7,0.0,0.5133,0.5133
15,11,0.7333,0.7,0.1,0.5433,0.4433
15,11,0.7333,0.7,0.2,0.5733,0.3733
15,11,0.7333,0.7,0.3,0.6033,0.3033
15,11,0.7333,0.7,0.4,0.6333,0.2333
15,11,0.7333,0.7,0.5,0.6633,0.1633
15,11,0.7333,0.7,0.6,0.6933,0.0933
15,11,0.7333,0.7,0.7,0.7233,0.0233
15,11,0.7333,0.7,0.8,0.7533,-0.0467
15,11,0.7333,0.7,0.9,0.7833,-0.1167
15,11,0.7333,0.7,1.0,0.8133,-0.1867
15,11,0.7333,0.8,0.0,0.5867,0.5867
15,11,0.7333,0.8,0.1,0.6067,0.5067
15,11,0.7333,0.8,0.2,0.6267,0.4267
15,11,0.7333,0.8,0.3,0.6467,0.3467
15,11,0.7333,0.8,0.4,0.6667,0.2667
15,11,0.7333,0.8,0.5,0.6867,0.1867
15,11,0.7333,0.8,0.6,0.7067,0.1067
15,11,0.7333,0.8,0.7,0.7267,0.0267
15,11,0.7333,0.8,0.8,0.7467,-0.0533
15,11,0.7333,0.8,0.9,0.7667,-0.1333
15,11,0.7333,0.8,1.0,0.7867,-0.2133
15,11,0.7333,0.9,0.0,0.66,0.66
15,11,0.7333,0.9,0.1,0.67,0.57
15,11,0.7333,0.9,0.2,0.68,0.48
15,11,0.7333,0.9,0.3,0.69,0.39
15,11,0.7333,0.9,0.4,0.7,0.3
15,11,0.7333,0.9,0.5,0.71,0.21
15,11,0.7333,0.9,0.6,0.72,0.12
15,11,0.7333,0.9,0.7,0.73,0.03
15,11,0.7333,0.9,0.8,0.74,-0.06
15,11,0.7333,0.9,0.9,0.75,-0.15
15,11,0.7333,0.9,1.0,0.76,-0.24
15,12,0.8,0.1,0.0,0.08,0.08
15,12,0.8,0.1,0.1,0.17,0.07
15,12,0.8,0.1,0.2,0.26,0.06
15,12,0.8,0.1,0.3,0.35,0.05
15,12,0.8,0.1,0.4,0.44,0.04
15,12,0.8,0.1,0.5,0.53,0.03
15,12,0.8,0.1,0.6,0.62,0.02
15,12,0.8,0.1,0.7,0.71,0.01
15,12,0.8,0.1,0.8,0.8,0.0
15,12,0.8,0.1,0.9,0.89,-0.01
15,12,0.8,0.1,1.0,0.98,-0.02
15,12,0.8,0.2,0.0,0.16,0.16
15,12,0.8,0.2,0.1,0.24,0.14
15,12,0.8,0.2,0.2,0.32,0.12
15,12,0.8,0.2,0.3,0.4,0.1
15,12,0.8,0.2,0.4,0.48,0.08
15,12,0.8,0.2,0.5,0.56,0.06
15,12,0.8,0.2,0.6,0.64,0.04
15,12,0.8,0.2,0.7,0.72,0.02
15,12,0.8,0.2,0.8,0.8,0.0
15,12,0.8,0.2,0.9,0.88,-0.02
15,12,0.8,0.2,1.0,0.96,-0.04
15,12,0.8,0.3,0.0,0.24,0.24
15,12,0.8,0.3,0.1,0.31,0.21
15,12,0.8,0.3,0.2,0.38,0.18
15,12,0.8,0.3,0.3,0.45,0.15
15,12,0.8,0.3,0.4,0.52,0.12
15,12,0.8,0.3,0.5,0.59,0.09
15,12,0.8,0.3,0.6,0.66,0.06
15,12,0.8,0.3,0.7,0.73,0.03
15,12,0.8,0.3,0.8,0.8,0.0
15,12,0.8,0.3,0.9,0.87,-0.03
15,12,0.8,0.3,1.0,0.94,-0.06
15,12,0.8,0.4,0.0,0.32,0.32
15,12,0.8,0.4,0.1,0.38,0.28
15,12,0.8,0.4,0.2,0.44,0.24
15,12,0.8,0.4,0.3,0.5,0.2
15,12,0.8,0.4,0.4,0.56,0.16
15,12,0.8,0.4,0.5,0.62,0.12
15,12,0.8,0.4,0.6,0.68,0.08
15,12,0.8,0.4,0.7,0.74,0.04
15,12,0.8,0.4,0.8,0.8,0.0
15,12,0.8,0.4,0.9,0.86,-0.04
15,12,0.8,0.4,1.0,0.92,-0.08
15,12,0.8,0.5,0.0,0.4,0.4
15,12,0.8,0.5,0.1,0.45,0.35
15,12,0.8,0.5,0.2,0.5,0.3
15,12,0.8,0.5,0.3,0.55,0.25
15,12,0.8,0.5,0.4,0.6,0.2
15,12,0.8,0.5,0.5,0.65,0.15
15,12,0.8,0.5,0.6,0.7,0.1
15,12,0.8,0.5,0.7,0.75,0.05
15,12,0.8,0.5,0.8,0.8,0.0
15,12,0.8,0.5,0.9,0.85,-0.05
15,12,0.8,0.5,1.0,0.9,-0.1
15,12,0.8,0.6,0.0,0.48,0.48
15,12,0.8,0.6,0.1,0.52,0.42
15,12,0.8,0.6,0.2,0.56,0.36
15,12,0.8,0.6,0.3,0.6,0.3
15,12,0.8,0.6,0.4,0.64,0.24
15,12,0.8,0.6,0.5,0.68,0.18
15,12,0.8,0.6,0.6,0.72,0.12
15,12,0.8,0.6,0.7,0.76,0.06
15,12,0.8,0.6,0.8,0.8,0.0
15,12,0.8,0.6,0.9,0.84,-0.06
15,12,0.8,0.6,1.0,0.88,-0.12
15,12,0.8,0.7,0.0,0.56,0.56
15,12,0.8,0.7,0.1,0.59,0.49
15,12,0.8,0.7,0.2,0.62,0.42
15,12,0.8,0.7,0.3,0.65,0.35
15,12,0.8,0.7,0.4,0.68,0.28
15,12,0.8,0.7,0.5,0.71,0.21
15,12,0.8,0.7,0.6,0.74,0.14
15,12,0.8,0.7,0.7,0.77,0.07
15,12,0.8,0.7,0.8,0.8,0.0
15,12,0.8,0.7,0.9,0.83,-0.07
15,12,0.8,0.7,1.0,0.86,-0.14
15,12,0.8,0.8,0.0,0.64,0.64
15,12,0.8,0.8,0.1,0.66,0.56
15,12,0.8,0.8,0.2,0.68,0.48
15,12,0.8,0.8,0.3,0.7,0.4
15,12,0.8,0.8,0.4,0.72,0.32
15,12,0.8,0.8,0.5,0.74,0.24
15,12,0.8,0.8,0.6,0.76,0.16
15,12,0.8,0.8,0.7,0.78,0.08
15,12,0.8,0.8,0.8,0.8,0.0
15,12,0.8,0.8,0.9,0.82,-0.08
15,12,0.8,0.8,1.0,0.84,-0.16
15,12,0.8,0.9,0.0,0.72,0.72
15,12,0.8,0.9,0.1,0.73,0.63
15,12,0.8,0.9,0.2,0.74,0.54
15,12,0.8,0.9,0.3,0.75,0.45
15,12,0.8,0.9,0.4,0.76,0.36
15,12,0.8,0.9,0.5,0.77,0.27
15,12,0.8,0.9,0.6,0.78,0.18
15,12,0.8,0.9,0.7,0.79,0.09
15,12,0.8,0.9,0.8,0.8,0.0
15,12,0.8,0.9,0.9,0.81,-0.09
15,12,0.8,0.9,1.0,0.82,-0.18
15,13,0.8667,0.1,0.0,0.0867,0.0867
15,13,0.8667,0.1,0.1,0.1767,0.0767
15,13,0.8667,0.1,0.2,0.2667,0.0667
15,13,0.8667,0.1,0.3,0.3567,0.0567
15,13,0.8667,0.1,0.4,0.4467,0.0467
15,13,0.8667,0.1,0.5,0.5367,0.0367
15,13,0.8667,0.1,0.6,0.6267,0.0267
15,13,0.8667,0.1,0.7,0.7167,0.0167
15,13,0.8667,0.1,0.8,0.8067,0.0067
15,13,0.8667,0.1,0.9,0.8967,-0.0033
15,13,0.8667,0.1,1.0,0.9867,-0.0133
15,13,0.8667,0.2,0.0,0.1733,0.1733
15,13,0.8667,0.2,0.1,0.2533,0.1533
15,13,0.8667,0.2,0.2,0.3333,0.1333
15,13,0.8667,0.2,0.3,0.4133,0.1133
15,13,0.8667,0.2,0.4,0.4933,0.0933
15,13,0.8667,0.2,0.5,0.5733,0.0733
15,13,0.8667,0.2,0.6,0.6533,0.0533
15,13,0.8667,0.2,0.7,0.7333,0.0333
15,13,0.8667,0.2,0.8,0.8133,0.0133
15,13,0.8667,0.2,0.9,0.8933,-0.0067
15,13,0.8667,0.2,1.0,0.9733,-0.0267
15,13,0.8667,0.3,0.0,0.26,0.26
15,13,0.8667,0.3,0.1,0.33,0.23
15,13,0.8667,0.3,0.2,0.4,0.2
15,13,0.8667,0.3,0.3,0.47,0.17
15,13,0.8667,0.3,0.4,0.54,0.14
15,13,0.8667,0.3,0.5,0.61,0.11
15,13,0.8667,0.3,0.6,0.68,0.08
15,13,0.8667,0.3,0.7,0.75,0.05
15,13,0.8667,0.3,0.8,0.82,0.02
15,13,0.8667,0.3,0.9,0.89,-0.01
15,13,0.8667,0.3,1.0,0.96,-0.04
15,13,0.8667,0.4,0.0,0.3467,0.3467
15,13,0.8667,0.4,0.1,0.4067,0.3067
15,13,0.8667,0.4,0.2,0.4667,0.2667
15,13,0.8667,0.4,0.3,0.5267,0.2267
15,13,0.8667,0.4,0.4,0.5867,0.1867
15,13,0.8667,0.4,0.5,0.6467,0.1467
15,13,0.8667,0.4,0.6,0.7067,0.1067
15,13,0.8667,0.4,0.7,0.7667,0.0667
15,13,0.8667,0.4,0.8,0.8267,0.0267
15,13,0.8667,0.4,0.9,0.8867,-0.0133
15,13,0.8667,0.4,1.0,0.9467,-0.0533
15,13,0.8667,0.5,0.0,0.4333,0.4333
15,13,0.8667,0.5,0.1,0.4833,0.3833
15,13,0.8667,0.5,0.2,0.5333,0.3333
15,13,0.8667,0.5,0.3,0.5833,0.2833
15,13,0.8667,0.5,0.4,0.6333,0.2333
15,13,0.8667,0.5,0.5,0.6833,0.1833
15,13,0.8667,0.5,0.6,0.7333,0.1333
15,13,0.8667,0.5,0.7,0.7833,0.0833
15,13,0.8667,0.5,0.8,0.8333,0.0333
15,13,0.8667,0.5,0.9,0.8833,-0.0167
15,13,0.8667,0.5,1.0,0.9333,-0.0667
15,13,0.8667,0.6,0.0,0.52,0.52
15,13,0.8667,0.6,0.1,0.56,0.46
15,13,0.8667,0.6,0.2,0.6,0.4
15,13,0.8667,0.6,0.3,0.64,0.34
15,13,0.8667,0.6,0.4,0.68,0.28
15,13,0.8667,0.6,0.5,0.72,0.22
15,13,0.8667,0.6,0.6,0.76,0.16
15,13,0.8667,0.6,0.7,0.8,0.1
15,13,0.8667,0.6,0.8,0.84,0.04
15,13,0.8667,0.6,0.9,0.88,-0.02
15,13,0.8667,0.6,1.0,0.92,-0.08
15,13,0.8667,0.7,0.0,0.6067,0.6067
15,13,0.8667,0.7,0.1,0.6367,0.5367
15,13,0.8667,0.7,0.2,0.6667,0.4667
15,13,0.8667,0.7,0.3,0.6967,0.3967
15,13,0.8667,0.7,0.4,0.7267,0.3267
15,13,0.8667,0.7,0.5,0.7567,0.2567
15,13,0.8667,0.7,0.6,0.7867,0.1867
15,13,0.8667,0.7,0.7,0.8167,0.1167
15,13,0.8667,0.7,0.8,0.8467,0.0467
15,13,0.8667,0.7,0.9,0.8767,-0.0233
15,13,0.8667,0.7,1.0,0.9067,-0.0933
15,13,0.8667,0.8,0.0,0.6933,0.6933
15,13,0.8667,0.8,0.1,0.7133,0.6133
15,13,0.8667,0.8,0.2,0.7333,0.5333
15,13,0.8667,0.8,0.3,0.7533,0.4533
15,13,0.8667,0.8,0.4,0.7733,0.3733
15,13,0.8667,0.8,0.5,0.7933,0.2933
15,13,0.8667,0.8,0.6,0.8133,0.2133
15,13,0.8667,0.8,0.7,0.8333,0.1333
15,13,0.8667,0.8,0.8,0.8533,0.0533
15,13,0.8667,0.8,0.9,0.8733,-0.0267
15,13,0.8667,0.8,1.0,0.8933,-0.1067
15,13,0.8667,0.9,0.0,0.78,0.78
15,13,0.8667,0.9,0.1,0.79,0.69
15,13,0.8667,0.9,0.2,0.8,0.6
15,13,0.8667,0.9,0.3,0.81,0.51
15,13,0.8667,0.9,0.4,0.82,0.42
15,13,0.8667,0.9,0.5,0.83,0.33
15,13,0.8667,0.9,0.6,0.84,0.24
15,13,0.8667,0.9,0.7,0.85,0.15
15,13,0.8667,0.9,0.8,0.86,0.06
15,13,0.8667,0.9,0.9,0.87,-0.03
15,13,0.8667,0.9,1.0,0.88,-0.12
15,14,0.9333,0.1,0.0,0.0933,0.0933
15,14,0.9333,0.1,0.1,0.1833,0.0833
15,14,0.9333,0.1,0.2,0.2733,0.0733
15,14,0.9333,0.1,0.3,0.3633,0.0633
15,14,0.9333,0.1,0.4,0.4533,0.0533
15,14,0.9333,0.1,0.5,0.5433,0.0433
15,14,0.9333,0.1,0.6,0.6333,0.0333
15,14,0.9333,0.1,0.7,0.7233,0.0233
15,14,0.9333,0.1,0.8,0.8133,0.0133
15,14,0.9333,0.1,0.9,0.9033,0.0033
15,14,0.9333,0.1,1.0,0.9933,-0.0067
15,14,0.9333,0.2,0.0,0.1867,0.1867
15,14,0.9333,0.2,0.1,0.2667,0.1667
15,14,0.9333,0.2,0.2,0.3467,0.1467
15,14,0.9333,0.2,0.3,0.4267,0.1267
15,14,0.9333,0.2,0.4,0.5067,0.1067
15,14,0.9333,0.2,0.5,0.5867,0.0867
15,14,0.9333,0.2,0.6,0.6667,0.0667
15,14,0.9333,0.2,0.7,0.7467,0.0467
15,14,0.9333,0.2,0.8,0.8267,0.0267
15,14,0.9333,0.2,0.9,0.9067,0.0067
15,14,0.9333,0.2,1.0,0.9867,-0.0133
15,14,0.9333,0.3,0.0,0.28,0.28
15,14,0.9333,0.3,0.1,0.35,0.25
15,14,0.9333,0.3,0.2,0.42,0.22
15,14,0.9333,0.3,0.3,0.49,0.19
15,14,0.9333,0.3,0.4,0.56,0.16
15,14,0.9333,0.3,0.5,0.63,0.13
15,14,0.9333,0.3,0.6,0.7,0.1
15,14,0.9333,0.3,0.7,0.77,0.07
15,14,0.9333,0.3,0.8,0.84,0.04
15,14,0.9333,0.3,0.9,0.91,0.01
15,14,0.9333,0.3,1.0,0.98,-0.02
15,14,0.9333,0.4,0.0,0.3733,0.3733
15,14,0.9333,0.4,0.1,0.4333,0.3333
15,14,0.9333,0.4,0.2,0.4933,0.2933
15,14,0.9333,0.4,0.3,0.5533,0.2533
15,14,0.9333,0.4,0.4,0.6133,0.2133
15,14,0.9333,0.4,0.5,0.6733,0.1733
15,14,0.9333,0.4,0.6,0.7333,0.1333
15,14,0.9333,0.4,0.7,0.7933,0.0933
15,14,0.9333,0.4,0.8,0.8533,0.0533
15,14,0.9333,0.4,0.9,0.9133,0.0133
15,14,0.9333,0.4,1.0,0.9733,-0.0267
15,14,0.9333,0.5,0.0,0.4667,0.4667
15,14,0.9333,0.5,0.1,0.5167,0.4167
15,14,0.9333,0.5,0.2,0.5667,0.3667
15,14,0.9333,0.5,0.3,0.6167,0.3167
15,14,0.9333,0.5,0.4,0.6667,0.2667
15,14,0.9333,0.5,0.5,0.7167,0.2167
15,14,0.9333,0.5,0.6,0.7667,0.1667
15,14,0.9333,0.5,0.7,0.8167,0.1167
15,14,0.9333,0.5,0.8,0.8667,0.0667
15,14,0.9333,0.5,0.9,0.9167,0.0167
15,14,0.9333,0.5,1.0,0.9667,-0.0333
15,14,0.9333,0.6,0.0,0.56,0.56
15,14,0.9333,0.6,0.1,0.6,0.5
15,14,0.9333,0.6,0.2,0.64,0.44
15,14,0.9333,0.6,0.3,0.68,0.38
15,14,0.9333,0.6,0.4,0.72,0.32
15,14,0.9333,0.6,0.5,0.76,0.26
15,14,0.9333,0.6,0.6,0.8,0.2
15,14,0.9333,0.6,0.7,0.84,0.14
15,14,0.9333,0.6,0.8,0.88,0.08
15,14,0.9333,0.6,0.9,0.92,0.02
15,14,0.9333,0.6,1.0,0.96,-0.04
15,14,0.9333,0.7,0.0,0.6533,0.6533
15,14,0.9333,0.7,0.1,0.6833,0.5833
15,14,0.9333,0.7,0.2,0.7133,0.5133
15,14,0.9333,0.7,0.3,0.7433,0.4433
15,14,0.9333,0.7,0.4,0.7733,0.3733
15,14,0.9333,0.7,0.5,0.8033,0.3033
15,14,0.9333,0.7,0.6,0.8333,0.2333
15,14,0.9333,0.7,0.7,0.8633,0.1633
15,14,0.9333,0.7,0.8,0.8933,0.0933
15,14,0.9333,0.7,0.9,0.9233,0.0233
15,14,0.9333,0.7,1.0,0.9533,-0.0467
15,14,0.9333,0.8,0.0,0.7467,0.7467
15,14,0.9333,0.8,0.1,0.7667,0.6667
15,14,0.9333,0.8,0.2,0.7867,0.5867
15,14,0.9333,0.8,0.3,0.8067,0.5067
15,14,0.9333,0.8,0.4,0.8267,0.4267
15,14,0.9333,0.8,0.5,0.8467,0.3467
15,14,0.9333,0.8,0.6,0.8667,0.2667
15,14,0.9333,0.8,0.7,0.8867,0.1867
15,14,0.9333,0.8,0.8,0.9067,0.1067
15,14,0.9333,0.8,0.9,0.9267,0.0267
15,14,0.9333,0.8,1.0,0.9467,-0.0533
15,14,0.9333,0.9,0.0,0.84,0.84
15,14,0.9333,0.9,0.1,0.85,0.75
15,14,0.9333,0.9,0.2,0.86,0.66
15,14,0.9333,0.9,0.3,0.87,0.57
15,14,0.9333,0.9,0.4,0.88,0.48
15,14,0.9333,0.9,0.5,0.89,0.39
15,14,0.9333,0.9,0.6,0.9,0.3
15,14,0.9333,0.9,0.7,0.91,0.21
15,14,0.9333,0.9,0.8,0.92,0.12
15,14,0.9333,0.9,0.9,0.93,0.03
15,14,0.9333,0.9,1.0,0.94,-0.06
15,15,1.0,0.1,0.0,0.1,0.1
15,15,1.0,0.1,0.1,0.19,0.09
15,15,1.0,0.1,0.2,0.28,0.08
15,15,1.0,0.1,0.3,0.37,0.07
15,15,1.0,0.1,0.4,0.46,0.06
15,15,1.0,0.1,0.5,0.55,0.05
15,15,1.0,0.1,0.6,0.64,0.04
15,15,1.0,0.1,0.7,0.73,0.03
15,15,1.0,0.1,0.8,0.82,0.02
15,15,1.0,0.1,0.9,0.91,0.01
15,15,1.0,0.1,1.0,1.0,0.0
15,15,1.0,0.2,0.0,0.2,0.2
15,15,1.0,0.2,0.1,0.28,0.18
15,15,1.0,0.2,0.2,0.36,0.16
15,15,1.0,0.2,0.3,0.44,0.14
15,15,1.0,0.2,0.4,0.52,0.12
15,15,1.0,0.2,0.5,0.6,0.1
15,15,1.0,0.2,0.6,0.68,0.08
15,15,1.0,0.2,0.7,0.76,0.06
15,15,1.0,0.2,0.8,0.84,0.04
15,15,1.0,0.2,0.9,0.92,0.02
15,15,1.0,0.2,1.0,1.0,0.0
15,15,1.0,0.3,0.0,0.3,0.3
15,15,1.0,0.3,0.1,0.37,0.27
15,15,1.0,0.3,0.2,0.44,0.24
15,15,1.0,0.3,0.3,0.51,0.21
15,15,1.0,0.3,0.4,0.58,0.18
15,15,1.0,0.3,0.5,0.65,0.15
15,15,1.0,0.3,0.6,0.72,0.12
15,15,1.0,0.3,0.7,0.79,0.09
15,15,1.0,0.3,0.8,0.86,0.06
15,15,1.0,0.3,0.9,0.93,0.03
15,15,1.0,0.3,1.0,1.0,0.0
15,15,1.0,0.4,0.0,0.4,0.4
15,15,1.0,0.4,0.1,0.46,0.36
15,15,1.0,0.4,0.2,0.52,0.32
15,15,1.0,0.4,0.3,0.58,0.28
15,15,1.0,0.4,0.4,0.64,0.24
15,15,1.0,0.4,0.5,0.7,0.2
15,15,1.0,0.4,0.6,0.76,0.16
15,15,1.0,0.4,0.7,0.82,0.12
15,15,1.0,0.4,0.8,0.88,0.08
15,15,1.0,0.4,0.9,0.94,0.04
15,15,1.0,0.4,1.0,1.0,0.0
15,15,1.0,0.5,0.0,0.5,0.5
15,15,1.0,0.5,0.1,0.55,0.45
15,15,1.0,0.5,0.2,0.6,0.4
15,15,1.0,0.5,0.3,0.65,0.35
15,15,1.0,0.5,0.4,0.7,0.3
15,15,1.0,0.5,0.5,0.75,0.25
15,15,1.0,0.5,0.6,0.8,0.2
15,15,1.0,0.5,0.7,0.85,0.15
15,15,1.0,0.5,0.8,0.9,0.1
15,15,1.0,0.5,0.9,0.95,0.05
15,15,1.0,0.5,1.0,1.0,0.0
15,15,1.0,0.6,0.0,0.6,0.6
15,15,1.0,0.6,0.1,0.64,0.54
15,15,1.0,0.6,0.2,0.68,0.48
15,15,1.0,0.6,0.3,0.72,0.42
15,15,1.0,0.6,0.4,0.76,0.36
15,15,1.0,0.6,0.5,0.8,0.3
15,15,1.0,0.6,0.6,0.84,0.24
15,15,1.0,0.6,0.7,0.88,0.18
15,15,1.0,0.6,0.8,0.92,0.12
15,15,1.0,0.6,0.9,0.96,0.06
15,15,1.0,0.6,1.0,1.0,0.0
15,15,1.0,0.7,0.0,0.7,0.7
15,15,1.0,0.7,0.1,0.73,0.63
15,15,1.0,0.7,0.2,0.76,0.56
15,15,1.0,0.7,0.3,0.79,0.49
15,15,1.0,0.7,0.4,0.82,0.42
15,15,1.0,0.7,0.5,0.85,0.35
15,15,1.0,0.7,0.6,0.88,0.28
15,15,1.0,0.7,0.7,0.91,0.21
15,15,1.0,0.7,0.8,0.94,0.14
15,15,1.0,0.7,0.9,0.97,0.07
15,15,1.0,0.7,1.0,1.0,0.0
15,15,1.0,0.8,0.0,0.8,0.8
15,15,1.0,0.8,0.1,0.82,0.72
15,15,1.0,0.8,0.2,0.84,0.64
15,15,1.0,0.8,0.3,0.86,0.56
15,15,1.0,0.8,0.4,0.88,0.48
15,15,1.0,0.8,0.5,0.9,0.4
15,15,1.0,0.8,0.6,0.92,0.32
15,15,1.0,0.8,0.7,0.94,0.24
15,15,1.0,0.8,0.8,0.96,0.16
15,15,1.0,0.8,0.9,0.98,0.08
15,15,1.0,0.8,1.0,1.0,0.0
15,15,1.0,0.9,0.0,0.9,0.9
15,15,1.0,0.9,0.1,0.91,0.81
15,15,1.0,0.9,0.2,0.92,0.72
15,15,1.0,0.9,0.3,0.93,0.63
15,15,1.0,0.9,0.4,0.94,0.54
15,15,1.0,0.9,0.5,0.95,0.45
15,15,1.0,0.9,0.6,0.96,0.36
15,15,1.0,0.9,0.7,0.97,0.27
15,15,1.0,0.9,0.8,0.98,0.18
15,15,1.0,0.9,0.9,0.99,0.09
15,15,1.0,0.9,1.0,1.0,0.0
