student_type,assessment,performance,learning_rate,old_mastery,new_mastery
improving,1,0.3,0.1,0.5,0.48
improving,2,0.35,0.1,0.48,0.46699999999999997
improving,3,0.4,0.1,0.46699999999999997,0.4603
improving,4,0.38,0.1,0.4603,0.45227
improving,5,0.45,0.1,0.45227,0.45204300000000003
improving,6,0.5,0.1,0.45204300000000003,0.45683870000000004
improving,7,0.48,0.1,0.45683870000000004,0.45915483
improving,8,0.55,0.1,0.45915483,0.46823934700000003
improving,9,0.6,0.1,0.46823934700000003,0.4814154123
improving,10,0.58,0.1,0.4814154123,0.49127387107
improving,11,0.65,0.1,0.49127387107,0.507146483963
improving,12,0.68,0.1,0.507146483963,0.5244318355667
improving,13,0.7,0.1,0.5244318355667,0.54198865201003
improving,14,0.72,0.1,0.54198865201003,0.559789786809027
improving,15,0.75,0.1,0.559789786809027,0.5788108081281244
improving,16,0.78,0.1,0.5788108081281244,0.5989297273153119
improving,17,0.8,0.1,0.5989297273153119,0.6190367545837807
improving,18,0.82,0.1,0.6190367545837807,0.6391330791254026
improving,19,0.85,0.1,0.6391330791254026,0.6602197712128623
improving,20,0.88,0.1,0.6602197712128623,0.6821977940915761
improving,1,0.3,0.2,0.5,0.45999999999999996
improving,2,0.35,0.2,0.45999999999999996,0.43799999999999994
improving,3,0.4,0.2,0.43799999999999994,0.43039999999999995
improving,4,0.38,0.2,0.43039999999999995,0.42031999999999997
improving,5,0.45,0.2,0.42031999999999997,0.42625599999999997
improving,6,0.5,0.2,0.42625599999999997,0.4410048
improving,7,0.48,0.2,0.4410048,0.44880383999999995
improving,8,0.55,0.2,0.44880383999999995,0.46904307199999995
improving,9,0.6,0.2,0.46904307199999995,0.49523445759999996
improving,10,0.58,0.2,0.49523445759999996,0.5121875660799999
improving,11,0.65,0.2,0.5121875660799999,0.5397500528639999
improving,12,0.68,0.2,0.5397500528639999,0.5678000422912
improving,13,0.7,0.2,0.5678000422912,0.59424003383296
improving,14,0.72,0.2,0.59424003383296,0.619392027066368
improving,15,0.75,0.2,0.619392027066368,0.6455136216530943
improving,16,0.78,0.2,0.6455136216530943,0.6724108973224755
improving,17,0.8,0.2,0.6724108973224755,0.6979287178579804
improving,18,0.82,0.2,0.6979287178579804,0.7223429742863843
improving,19,0.85,0.2,0.7223429742863843,0.7478743794291074
improving,20,0.88,0.2,0.7478743794291074,0.7742995035432859
improving,1,0.3,0.3,0.5,0.44
improving,2,0.35,0.3,0.44,0.413
improving,3,0.4,0.3,0.413,0.4091
improving,4,0.38,0.3,0.4091,0.40037
improving,5,0.45,0.3,0.40037,0.415259
improving,6,0.5,0.3,0.415259,0.4406813
improving,7,0.48,0.3,0.4406813,0.45247691
improving,8,0.55,0.3,0.45247691,0.481733837
improving,9,0.6,0.3,0.481733837,0.5172136858999999
improving,10,0.58,0.3,0.5172136858999999,0.5360495801299999
improving,11,0.65,0.3,0.5360495801299999,0.5702347060909999
improving,12,0.68,0.3,0.5702347060909999,0.6031642942637
improving,13,0.7,0.3,0.6031642942637,0.63221500598459
improving,14,0.72,0.3,0.63221500598459,0.658550504189213
improving,15,0.75,0.3,0.658550504189213,0.6859853529324491
improving,16,0.78,0.3,0.6859853529324491,0.7141897470527144
improving,17,0.8,0.3,0.7141897470527144,0.7399328229369001
improving,18,0.82,0.3,0.7399328229369001,0.76395297605583
improving,19,0.85,0.3,0.76395297605583,0.789767083239081
improving,20,0.88,0.3,0.789767083239081,0.8168369582673567
improving,1,0.3,0.4,0.5,0.42
improving,2,0.35,0.4,0.42,0.39199999999999996
improving,3,0.4,0.4,0.39199999999999996,0.3952
improving,4,0.38,0.4,0.3952,0.38912
improving,5,0.45,0.4,0.38912,0.413472
improving,6,0.5,0.4,0.413472,0.4480832
improving,7,0.48,0.4,0.4480832,0.46084992
improving,8,0.55,0.4,0.46084992,0.49650995200000003
improving,9,0.6,0.4,0.49650995200000003,0.5379059712
improving,10,0.58,0.4,0.5379059712,0.55474358272
improving,11,0.65,0.4,0.55474358272,0.592846149632
improving,12,0.68,0.4,0.592846149632,0.6277076897792
improving,13,0.7,0.4,0.6277076897792,0.65662461386752
improving,14,0.72,0.4,0.65662461386752,0.681974768320512
improving,15,0.75,0.4,0.681974768320512,0.7091848609923072
improving,16,0.78,0.4,0.7091848609923072,0.7375109165953843
improving,17,0.8,0.4,0.7375109165953843,0.7625065499572306
improving,18,0.82,0.4,0.7625065499572306,0.7855039299743383
improving,19,0.85,0.4,0.7855039299743383,0.8113023579846029
improving,20,0.88,0.4,0.8113023579846029,0.8387814147907617
improving,1,0.3,0.5,0.5,0.4
improving,2,0.35,0.5,0.4,0.375
improving,3,0.4,0.5,0.375,0.3875
improving,4,0.38,0.5,0.3875,0.38375000000000004
improving,5,0.45,0.5,0.38375000000000004,0.416875
improving,6,0.5,0.5,0.416875,0.4584375
improving,7,0.48,0.5,0.4584375,0.46921875
improving,8,0.55,0.5,0.46921875,0.509609375
improving,9,0.6,0.5,0.509609375,0.5548046875
improving,10,0.58,0.5,0.5548046875,0.56740234375
improving,11,0.65,0.5,0.56740234375,0.608701171875
improving,12,0.68,0.5,0.608701171875,0.6443505859375
improving,13,0.7,0.5,0.6443505859375,0.67217529296875
improving,14,0.72,0.5,0.67217529296875,0.696087646484375
improving,15,0.75,0.5,0.696087646484375,0.7230438232421875
improving,16,0.78,0.5,0.7230438232421875,0.7515219116210938
improving,17,0.8,0.5,0.7515219116210938,0.7757609558105469
improving,18,0.82,0.5,0.7757609558105469,0.7978804779052735
improving,19,0.85,0.5,0.7978804779052735,0.8239402389526367
improving,20,0.88,0.5,0.8239402389526367,0.8519701194763183
improving,1,0.3,0.6,0.5,0.38
improving,2,0.35,0.6,0.38,0.362
improving,3,0.4,0.6,0.362,0.38480000000000003
improving,4,0.38,0.6,0.38480000000000003,0.38192000000000004
improving,5,0.45,0.6,0.38192000000000004,0.42276800000000003
improving,6,0.5,0.6,0.42276800000000003,0.4691072
improving,7,0.48,0.6,0.4691072,0.47564288
improving,8,0.55,0.6,0.47564288,0.520257152
improving,9,0.6,0.6,0.520257152,0.5681028607999999
improving,10,0.58,0.6,0.5681028607999999,0.57524114432
improving,11,0.65,0.6,0.57524114432,0.620096457728
improving,12,0.68,0.6,0.620096457728,0.6560385830912
improving,13,0.7,0.6,0.6560385830912,0.68241543323648
improving,14,0.72,0.6,0.68241543323648,0.704966173294592
improving,15,0.75,0.6,0.704966173294592,0.7319864693178368
improving,16,0.78,0.6,0.7319864693178368,0.7607945877271347
improving,17,0.8,0.6,0.7607945877271347,0.784317835090854
improving,18,0.82,0.6,0.784317835090854,0.8057271340363416
improving,19,0.85,0.6,0.8057271340363416,0.8322908536145366
improving,20,0.88,0.6,0.8322908536145366,0.8609163414458146
improving,1,0.3,0.7,0.5,0.36
improving,2,0.35,0.7,0.36,0.353
improving,3,0.4,0.7,0.353,0.3859
improving,4,0.38,0.7,0.3859,0.38177
improving,5,0.45,0.7,0.38177,0.429531
improving,6,0.5,0.7,0.429531,0.4788593
improving,7,0.48,0.7,0.4788593,0.47965779
improving,8,0.55,0.7,0.47965779,0.5288973370000001
improving,9,0.6,0.7,0.5288973370000001,0.5786692011
improving,10,0.58,0.7,0.5786692011,0.57960076033
improving,11,0.65,0.7,0.57960076033,0.628880228099
improving,12,0.68,0.7,0.628880228099,0.6646640684297
improving,13,0.7,0.7,0.6646640684297,0.68939922052891
improving,14,0.72,0.7,0.68939922052891,0.710819766158673
improving,15,0.75,0.7,0.710819766158673,0.738245929847602
improving,16,0.78,0.7,0.738245929847602,0.7674737789542806
improving,17,0.8,0.7,0.7674737789542806,0.7902421336862842
improving,18,0.82,0.7,0.7902421336862842,0.8110726401058852
improving,19,0.85,0.7,0.8110726401058852,0.8383217920317656
improving,20,0.88,0.7,0.8383217920317656,0.8674965376095297
improving,1,0.3,0.8,0.5,0.33999999999999997
improving,2,0.35,0.8,0.33999999999999997,0.348
improving,3,0.4,0.8,0.348,0.3896
improving,4,0.38,0.8,0.3896,0.38192
improving,5,0.45,0.8,0.38192,0.436384
improving,6,0.5,0.8,0.436384,0.4872768
improving,7,0.48,0.8,0.4872768,0.48145536
improving,8,0.55,0.8,0.48145536,0.536291072
improving,9,0.6,0.8,0.536291072,0.5872582144
improving,10,0.58,0.8,0.5872582144,0.58145164288
improving,11,0.65,0.8,0.58145164288,0.636290328576
improving,12,0.68,0.8,0.636290328576,0.6712580657152001
improving,13,0.7,0.8,0.6712580657152001,0.69425161314304
improving,14,0.72,0.8,0.69425161314304,0.7148503226286079
improving,15,0.75,0.8,0.7148503226286079,0.7429700645257216
improving,16,0.78,0.8,0.7429700645257216,0.7725940129051443
improving,17,0.8,0.8,0.7725940129051443,0.7945188025810289
improving,18,0.82,0.8,0.7945188025810289,0.8149037605162057
improving,19,0.85,0.8,0.8149037605162057,0.8429807521032411
improving,20,0.88,0.8,0.8429807521032411,0.8725961504206482
improving,1,0.3,0.9,0.5,0.31999999999999995
improving,2,0.35,0.9,0.31999999999999995,0.347
improving,3,0.4,0.9,0.347,0.3947
improving,4,0.38,0.9,0.3947,0.38147
improving,5,0.45,0.9,0.38147,0.443147
improving,6,0.5,0.9,0.443147,0.4943147
improving,7,0.48,0.9,0.4943147,0.48143147
improving,8,0.55,0.9,0.48143147,0.543143147
improving,9,0.6,0.9,0.543143147,0.5943143147
improving,10,0.58,0.9,0.5943143147,0.58143143147
improving,11,0.65,0.9,0.58143143147,0.643143143147
improving,12,0.68,0.9,0.643143143147,0.6763143143147
improving,13,0.7,0.9,0.6763143143147,0.69763143143147
improving,14,0.72,0.9,0.69763143143147,0.7177631431431469
improving,15,0.75,0.9,0.7177631431431469,0.7467763143143147
improving,16,0.78,0.9,0.7467763143143147,0.7766776314314315
improving,17,0.8,0.9,0.7766776314314315,0.7976677631431432
improving,18,0.82,0.9,0.7976677631431432,0.8177667763143143
improving,19,0.85,0.9,0.8177667763143143,0.8467766776314314
improving,20,0.88,0.9,0.8467766776314314,0.8766776677631432
strong,1,0.85,0.1,0.5,0.535
strong,2,0.9,0.1,0.535,0.5715
strong,3,0.88,0.1,0.5715,0.60235
strong,4,0.92,0.1,0.60235,0.6341150000000001
strong,5,0.87,0.1,0.6341150000000001,0.6577035000000001
strong,6,0.91,0.1,0.6577035000000001,0.6829331500000001
strong,7,0.89,0.1,0.6829331500000001,0.703639835
strong,8,0.93,0.1,0.703639835,0.7262758515000001
strong,9,0.86,0.1,0.7262758515000001,0.73964826635
strong,10,0.9,0.1,0.73964826635,0.7556834397150001
strong,11,0.88,0.1,0.7556834397150001,0.7681150957435001
strong,12,0.92,0.1,0.7681150957435001,0.7833035861691501
strong,13,0.89,0.1,0.7833035861691501,0.7939732275522351
strong,14,0.94,0.1,0.7939732275522351,0.8085759047970116
strong,15,0.9,0.1,0.8085759047970116,0.8177183143173105
strong,16,0.91,0.1,0.8177183143173105,0.8269464828855794
strong,17,0.87,0.1,0.8269464828855794,0.8312518345970215
strong,18,0.93,0.1,0.8312518345970215,0.8411266511373193
strong,19,0.9,0.1,0.8411266511373193,0.8470139860235874
strong,20,0.92,0.1,0.8470139860235874,0.8543125874212286
strong,1,0.85,0.2,0.5,0.57
strong,2,0.9,0.2,0.57,0.636
strong,3,0.88,0.2,0.636,0.6848
strong,4,0.92,0.2,0.6848,0.7318399999999999
strong,5,0.87,0.2,0.7318399999999999,0.7594719999999999
strong,6,0.91,0.2,0.7594719999999999,0.7895776
strong,7,0.89,0.2,0.7895776,0.80966208
strong,8,0.93,0.2,0.80966208,0.8337296639999999
strong,9,0.86,0.2,0.8337296639999999,0.8389837311999999
strong,10,0.9,0.2,0.8389837311999999,0.8511869849599999
strong,11,0.88,0.2,0.8511869849599999,0.8569495879679999
strong,12,0.92,0.2,0.8569495879679999,0.8695596703744
strong,13,0.89,0.2,0.8695596703744,0.87364773629952
strong,14,0.94,0.2,0.87364773629952,0.886918189039616
strong,15,0.9,0.2,0.886918189039616,0.8895345512316928
strong,16,0.91,0.2,0.8895345512316928,0.8936276409853542
strong,17,0.87,0.2,0.8936276409853542,0.8889021127882833
strong,18,0.93,0.2,0.8889021127882833,0.8971216902306267
strong,19,0.9,0.2,0.8971216902306267,0.8976973521845014
strong,20,0.92,0.2,0.8976973521845014,0.9021578817476011
strong,1,0.85,0.3,0.5,0.605
strong,2,0.9,0.3,0.605,0.6935
strong,3,0.88,0.3,0.6935,0.74945
strong,4,0.92,0.3,0.74945,0.800615
strong,5,0.87,0.3,0.800615,0.8214305
strong,6,0.91,0.3,0.8214305,0.84800135
strong,7,0.89,0.3,0.84800135,0.860600945
strong,8,0.93,0.3,0.860600945,0.8814206615
strong,9,0.86,0.3,0.8814206615,0.87499446305
strong,10,0.9,0.3,0.87499446305,0.882496124135
strong,11,0.88,0.3,0.882496124135,0.8817472868945
strong,12,0.92,0.3,0.8817472868945,0.89322310082615
strong,13,0.89,0.3,0.89322310082615,0.892256170578305
strong,14,0.94,0.3,0.892256170578305,0.9065793194048135
strong,15,0.9,0.3,0.9065793194048135,0.9046055235833694
strong,16,0.91,0.3,0.9046055235833694,0.9062238665083586
strong,17,0.87,0.3,0.9062238665083586,0.895356706555851
strong,18,0.93,0.3,0.895356706555851,0.9057496945890957
strong,19,0.9,0.3,0.9057496945890957,0.904024786212367
strong,20,0.92,0.3,0.904024786212367,0.908817350348657
strong,1,0.85,0.4,0.5,0.64
strong,2,0.9,0.4,0.64,0.744
strong,3,0.88,0.4,0.744,0.7984
strong,4,0.92,0.4,0.7984,0.84704
strong,5,0.87,0.4,0.84704,0.856224
strong,6,0.91,0.4,0.856224,0.8777344
strong,7,0.89,0.4,0.8777344,0.88264064
strong,8,0.93,0.4,0.88264064,0.901584384
strong,9,0.86,0.4,0.901584384,0.8849506304
strong,10,0.9,0.4,0.8849506304,0.89097037824
strong,11,0.88,0.4,0.89097037824,0.886582226944
strong,12,0.92,0.4,0.886582226944,0.8999493361664
strong,13,0.89,0.4,0.8999493361664,0.8959696016998401
strong,14,0.94,0.4,0.8959696016998401,0.9135817610199041
strong,15,0.9,0.4,0.9135817610199041,0.9081490566119425
strong,16,0.91,0.4,0.9081490566119425,0.9088894339671655
strong,17,0.87,0.4,0.9088894339671655,0.8933336603802993
strong,18,0.93,0.4,0.8933336603802993,0.9080001962281796
strong,19,0.9,0.4,0.9080001962281796,0.9048001177369078
strong,20,0.92,0.4,0.9048001177369078,0.9108800706421447
strong,1,0.85,0.5,0.5,0.675
strong,2,0.9,0.5,0.675,0.7875000000000001
strong,3,0.88,0.5,0.7875000000000001,0.83375
strong,4,0.92,0.5,0.83375,0.8768750000000001
strong,5,0.87,0.5,0.8768750000000001,0.8734375000000001
strong,6,0.91,0.5,0.8734375000000001,0.8917187500000001
strong,7,0.89,0.5,0.8917187500000001,0.890859375
strong,8,0.93,0.5,0.890859375,0.9104296875
strong,9,0.86,0.5,0.9104296875,0.88521484375
strong,10,0.9,0.5,0.88521484375,0.892607421875
strong,11,0.88,0.5,0.892607421875,0.8863037109375
strong,12,0.92,0.5,0.8863037109375,0.9031518554687501
strong,13,0.89,0.5,0.9031518554687501,0.896575927734375
strong,14,0.94,0.5,0.896575927734375,0.9182879638671875
strong,15,0.9,0.5,0.9182879638671875,0.9091439819335938
strong,16,0.91,0.5,0.9091439819335938,0.909571990966797
strong,17,0.87,0.5,0.909571990966797,0.8897859954833984
strong,18,0.93,0.5,0.8897859954833984,0.9098929977416992
strong,19,0.9,0.5,0.9098929977416992,0.9049464988708495
strong,20,0.92,0.5,0.9049464988708495,0.9124732494354248
strong,1,0.85,0.6,0.5,0.71
strong,2,0.9,0.6,0.71,0.824
strong,3,0.88,0.6,0.824,0.8576
strong,4,0.92,0.6,0.8576,0.8950400000000001
strong,5,0.87,0.6,0.8950400000000001,0.880016
strong,6,0.91,0.6,0.880016,0.8980064
strong,7,0.89,0.6,0.8980064,0.89320256
strong,8,0.93,0.6,0.89320256,0.915281024
strong,9,0.86,0.6,0.915281024,0.8821124096
strong,10,0.9,0.6,0.8821124096,0.89284496384
strong,11,0.88,0.6,0.89284496384,0.885137985536
strong,12,0.92,0.6,0.885137985536,0.9060551942144001
strong,13,0.89,0.6,0.9060551942144001,0.89642207768576
strong,14,0.94,0.6,0.89642207768576,0.922568831074304
strong,15,0.9,0.6,0.922568831074304,0.9090275324297216
strong,16,0.91,0.6,0.9090275324297216,0.9096110129718886
strong,17,0.87,0.6,0.9096110129718886,0.8858444051887554
strong,18,0.93,0.6,0.8858444051887554,0.9123377620755022
strong,19,0.9,0.6,0.9123377620755022,0.9049351048302009
strong,20,0.92,0.6,0.9049351048302009,0.9139740419320804
strong,1,0.85,0.7,0.5,0.745
strong,2,0.9,0.7,0.745,0.8535
strong,3,0.88,0.7,0.8535,0.87205
strong,4,0.92,0.7,0.87205,0.9056150000000001
strong,5,0.87,0.7,0.9056150000000001,0.8806845
strong,6,0.91,0.7,0.8806845,0.90120535
strong,7,0.89,0.7,0.90120535,0.8933616050000001
strong,8,0.93,0.7,0.8933616050000001,0.9190084815
strong,9,0.86,0.7,0.9190084815,0.87770254445
strong,10,0.9,0.7,0.87770254445,0.893310763335
strong,11,0.88,0.7,0.893310763335,0.8839932290005
strong,12,0.92,0.7,0.8839932290005,0.90919796870015
strong,13,0.89,0.7,0.90919796870015,0.8957593906100451
strong,14,0.94,0.7,0.8957593906100451,0.9267278171830134
strong,15,0.9,0.7,0.9267278171830134,0.9080183451549041
strong,16,0.91,0.7,0.9080183451549041,0.9094055035464712
strong,17,0.87,0.7,0.9094055035464712,0.8818216510639414
strong,18,0.93,0.7,0.8818216510639414,0.9155464953191824
strong,19,0.9,0.7,0.9155464953191824,0.9046639485957547
strong,20,0.92,0.7,0.9046639485957547,0.9153991845787265
strong,1,0.85,0.8,0.5,0.78
strong,2,0.9,0.8,0.78,0.876
strong,3,0.88,0.8,0.876,0.8792
strong,4,0.92,0.8,0.8792,0.91184
strong,5,0.87,0.8,0.91184,0.878368
strong,6,0.91,0.8,0.878368,0.9036736000000001
strong,7,0.89,0.8,0.9036736000000001,0.89273472
strong,8,0.93,0.8,0.89273472,0.922546944
strong,9,0.86,0.8,0.922546944,0.8725093888
strong,10,0.9,0.8,0.8725093888,0.89450187776
strong,11,0.88,0.8,0.89450187776,0.882900375552
strong,12,0.92,0.8,0.882900375552,0.9125800751104001
strong,13,0.89,0.8,0.9125800751104001,0.89451601502208
strong,14,0.94,0.8,0.89451601502208,0.930903203004416
strong,15,0.9,0.8,0.930903203004416,0.9061806406008832
strong,16,0.91,0.8,0.9061806406008832,0.9092361281201766
strong,17,0.87,0.8,0.9092361281201766,0.8778472256240353
strong,18,0.93,0.8,0.8778472256240353,0.9195694451248071
strong,19,0.9,0.8,0.9195694451248071,0.9039138890249614
strong,20,0.92,0.8,0.9039138890249614,0.9167827778049923
strong,1,0.85,0.9,0.5,0.815
strong,2,0.9,0.9,0.815,0.8915
strong,3,0.88,0.9,0.8915,0.88115
strong,4,0.92,0.9,0.88115,0.916115
strong,5,0.87,0.9,0.916115,0.8746115
strong,6,0.91,0.9,0.8746115,0.90646115
strong,7,0.89,0.9,0.90646115,0.891646115
strong,8,0.93,0.9,0.891646115,0.9261646115000001
strong,9,0.86,0.9,0.9261646115000001,0.86661646115
strong,10,0.9,0.9,0.86661646115,0.896661646115
strong,11,0.88,0.9,0.896661646115,0.8816661646115
strong,12,0.92,0.9,0.8816661646115,0.91616661646115
strong,13,0.89,0.9,0.91616661646115,0.892616661646115
strong,14,0.94,0.9,0.892616661646115,0.9352616661646115
strong,15,0.9,0.9,0.9352616661646115,0.9035261666164611
strong,16,0.91,0.9,0.9035261666164611,0.9093526166616461
strong,17,0.87,0.9,0.9093526166616461,0.8739352616661646
strong,18,0.93,0.9,0.8739352616661646,0.9243935261666165
strong,19,0.9,0.9,0.9243935261666165,0.9024393526166616
strong,20,0.92,0.9,0.9024393526166616,0.9182439352616663
struggling,1,0.35,0.1,0.5,0.485
struggling,2,0.4,0.1,0.485,0.4765
struggling,3,0.3,0.1,0.4765,0.45885
struggling,4,0.38,0.1,0.45885,0.450965
struggling,5,0.32,0.1,0.450965,0.4378685
struggling,6,0.42,0.1,0.4378685,0.43608165
struggling,7,0.35,0.1,0.43608165,0.427473485
struggling,8,0.3,0.1,0.427473485,0.4147261365
struggling,9,0.4,0.1,0.4147261365,0.41325352285
struggling,10,0.33,0.1,0.41325352285,0.404928170565
struggling,11,0.36,0.1,0.404928170565,0.4004353535085
struggling,12,0.41,0.1,0.4004353535085,0.40139181815765
struggling,13,0.34,0.1,0.40139181815765,0.395252636341885
struggling,14,0.38,0.1,0.395252636341885,0.39372737270769653
struggling,15,0.31,0.1,0.39372737270769653,0.3853546354369269
struggling,16,0.37,0.1,0.3853546354369269,0.3838191718932342
struggling,17,0.35,0.1,0.3838191718932342,0.3804372547039108
struggling,18,0.4,0.1,0.3804372547039108,0.38239352923351977
struggling,19,0.32,0.1,0.38239352923351977,0.3761541763101678
struggling,20,0.36,0.1,0.3761541763101678,0.374538758679151
struggling,1,0.35,0.2,0.5,0.47
struggling,2,0.4,0.2,0.47,0.45599999999999996
struggling,3,0.3,0.2,0.45599999999999996,0.42479999999999996
struggling,4,0.38,0.2,0.42479999999999996,0.41584
struggling,5,0.32,0.2,0.41584,0.39667199999999997
struggling,6,0.42,0.2,0.39667199999999997,0.40133759999999996
struggling,7,0.35,0.2,0.40133759999999996,0.39107008
struggling,8,0.3,0.2,0.39107008,0.372856064
struggling,9,0.4,0.2,0.372856064,0.3782848512
struggling,10,0.33,0.2,0.3782848512,0.36862788096
struggling,11,0.36,0.2,0.36862788096,0.366902304768
struggling,12,0.41,0.2,0.366902304768,0.3755218438144
struggling,13,0.34,0.2,0.3755218438144,0.36841747505152
struggling,14,0.38,0.2,0.36841747505152,0.370733980041216
struggling,15,0.31,0.2,0.370733980041216,0.3585871840329728
struggling,16,0.37,0.2,0.3585871840329728,0.3608697472263782
struggling,17,0.35,0.2,0.3608697472263782,0.35869579778110255
struggling,18,0.4,0.2,0.35869579778110255,0.36695663822488206
struggling,19,0.32,0.2,0.36695663822488206,0.35756531057990565
struggling,20,0.36,0.2,0.35756531057990565,0.3580522484639245
struggling,1,0.35,0.3,0.5,0.455
struggling,2,0.4,0.3,0.455,0.4385
struggling,3,0.3,0.3,0.4385,0.39695
struggling,4,0.38,0.3,0.39695,0.391865
struggling,5,0.32,0.3,0.391865,0.3703055
struggling,6,0.42,0.3,0.3703055,0.38521385
struggling,7,0.35,0.3,0.38521385,0.374649695
struggling,8,0.3,0.3,0.374649695,0.3522547865
struggling,9,0.4,0.3,0.3522547865,0.36657835055
struggling,10,0.33,0.3,0.36657835055,0.355604845385
struggling,11,0.36,0.3,0.355604845385,0.3569233917695
struggling,12,0.41,0.3,0.3569233917695,0.37284637423864997
struggling,13,0.34,0.3,0.37284637423864997,0.362992461967055
struggling,14,0.38,0.3,0.362992461967055,0.3680947233769385
struggling,15,0.31,0.3,0.3680947233769385,0.35066630636385693
struggling,16,0.37,0.3,0.35066630636385693,0.35646641445469984
struggling,17,0.35,0.3,0.35646641445469984,0.3545264901182899
struggling,18,0.4,0.3,0.3545264901182899,0.36816854308280295
struggling,19,0.32,0.3,0.36816854308280295,0.3537179801579621
struggling,20,0.36,0.3,0.3537179801579621,0.35560258611057344
struggling,1,0.35,0.4,0.5,0.44
struggling,2,0.4,0.4,0.44,0.424
struggling,3,0.3,0.4,0.424,0.37439999999999996
struggling,4,0.38,0.4,0.37439999999999996,0.37664
struggling,5,0.32,0.4,0.37664,0.35398399999999997
struggling,6,0.42,0.4,0.35398399999999997,0.38039039999999996
struggling,7,0.35,0.4,0.38039039999999996,0.36823424
struggling,8,0.3,0.4,0.36823424,0.340940544
struggling,9,0.4,0.4,0.340940544,0.3645643264
struggling,10,0.33,0.4,0.3645643264,0.35073859584
struggling,11,0.36,0.4,0.35073859584,0.354443157504
struggling,12,0.41,0.4,0.354443157504,0.3766658945024
struggling,13,0.34,0.4,0.3766658945024,0.36199953670144003
struggling,14,0.38,0.4,0.36199953670144003,0.36919972202086404
struggling,15,0.31,0.4,0.36919972202086404,0.34551983321251845
struggling,16,0.37,0.4,0.34551983321251845,0.35531189992751105
struggling,17,0.35,0.4,0.35531189992751105,0.35318713995650663
struggling,18,0.4,0.4,0.35318713995650663,0.37191228397390397
struggling,19,0.32,0.4,0.37191228397390397,0.3511473703843424
struggling,20,0.36,0.4,0.3511473703843424,0.3546884222306054
struggling,1,0.35,0.5,0.5,0.425
struggling,2,0.4,0.5,0.425,0.4125
struggling,3,0.3,0.5,0.4125,0.35624999999999996
struggling,4,0.38,0.5,0.35624999999999996,0.368125
struggling,5,0.32,0.5,0.368125,0.3440625
struggling,6,0.42,0.5,0.3440625,0.38203125
struggling,7,0.35,0.5,0.38203125,0.36601562499999996
struggling,8,0.3,0.5,0.36601562499999996,0.3330078125
struggling,9,0.4,0.5,0.3330078125,0.36650390625
struggling,10,0.33,0.5,0.36650390625,0.348251953125
struggling,11,0.36,0.5,0.348251953125,0.3541259765625
struggling,12,0.41,0.5,0.3541259765625,0.38206298828124996
struggling,13,0.34,0.5,0.38206298828124996,0.36103149414062496
struggling,14,0.38,0.5,0.36103149414062496,0.3705157470703125
struggling,15,0.31,0.5,0.3705157470703125,0.34025787353515624
struggling,16,0.37,0.5,0.34025787353515624,0.3551289367675781
struggling,17,0.35,0.5,0.3551289367675781,0.3525644683837891
struggling,18,0.4,0.5,0.3525644683837891,0.37628223419189455
struggling,19,0.32,0.5,0.37628223419189455,0.3481411170959473
struggling,20,0.36,0.5,0.3481411170959473,0.35407055854797365
struggling,1,0.35,0.6,0.5,0.41
struggling,2,0.4,0.6,0.41,0.404
struggling,3,0.3,0.6,0.404,0.3416
struggling,4,0.38,0.6,0.3416,0.36464
struggling,5,0.32,0.6,0.36464,0.337856
struggling,6,0.42,0.6,0.337856,0.3871424
struggling,7,0.35,0.6,0.3871424,0.36485696
struggling,8,0.3,0.6,0.36485696,0.325942784
struggling,9,0.4,0.6,0.325942784,0.37037711360000003
struggling,10,0.33,0.6,0.37037711360000003,0.34615084544
struggling,11,0.36,0.6,0.34615084544,0.354460338176
struggling,12,0.41,0.6,0.354460338176,0.38778413527039995
struggling,13,0.34,0.6,0.38778413527039995,0.35911365410816
struggling,14,0.38,0.6,0.35911365410816,0.371645461643264
struggling,15,0.31,0.6,0.371645461643264,0.3346581846573056
struggling,16,0.37,0.6,0.3346581846573056,0.35586327386292227
struggling,17,0.35,0.6,0.35586327386292227,0.3523453095451689
struggling,18,0.4,0.6,0.3523453095451689,0.3809381238180676
struggling,19,0.32,0.6,0.3809381238180676,0.34437524952722703
struggling,20,0.36,0.6,0.34437524952722703,0.3537500998108908
struggling,1,0.35,0.7,0.5,0.395
struggling,2,0.4,0.7,0.395,0.3985
struggling,3,0.3,0.7,0.3985,0.32955
struggling,4,0.38,0.7,0.32955,0.364865
struggling,5,0.32,0.7,0.364865,0.3334595
struggling,6,0.42,0.7,0.3334595,0.39403784999999997
struggling,7,0.35,0.7,0.39403784999999997,0.36321135499999996
struggling,8,0.3,0.7,0.36321135499999996,0.3189634065
struggling,9,0.4,0.7,0.3189634065,0.37568902195
struggling,10,0.33,0.7,0.37568902195,0.343706706585
struggling,11,0.36,0.7,0.343706706585,0.3551120119755
struggling,12,0.41,0.7,0.3551120119755,0.39353360359265
struggling,13,0.34,0.7,0.39353360359265,0.356060081077795
struggling,14,0.38,0.7,0.356060081077795,0.3728180243233385
struggling,15,0.31,0.7,0.3728180243233385,0.32884540729700157
struggling,16,0.37,0.7,0.32884540729700157,0.35765362218910046
struggling,17,0.35,0.7,0.35765362218910046,0.3522960866567301
struggling,18,0.4,0.7,0.3522960866567301,0.38568882599701904
struggling,19,0.32,0.7,0.38568882599701904,0.3397066477991057
struggling,20,0.36,0.7,0.3397066477991057,0.3539119943397317
struggling,1,0.35,0.8,0.5,0.38
struggling,2,0.4,0.8,0.38,0.396
struggling,3,0.3,0.8,0.396,0.3192
struggling,4,0.38,0.8,0.3192,0.36784
struggling,5,0.32,0.8,0.36784,0.32956799999999997
struggling,6,0.42,0.8,0.32956799999999997,0.4019136
struggling,7,0.35,0.8,0.4019136,0.36038272
struggling,8,0.3,0.8,0.36038272,0.31207654399999996
struggling,9,0.4,0.8,0.31207654399999996,0.3824153088
struggling,10,0.33,0.8,0.3824153088,0.34048306176
struggling,11,0.36,0.8,0.34048306176,0.35609661235199996
struggling,12,0.41,0.8,0.35609661235199996,0.3992193224704
struggling,13,0.34,0.8,0.3992193224704,0.35184386449408
struggling,14,0.38,0.8,0.35184386449408,0.374368772898816
struggling,15,0.31,0.8,0.374368772898816,0.3228737545797632
struggling,16,0.37,0.8,0.3228737545797632,0.36057475091595265
struggling,17,0.35,0.8,0.36057475091595265,0.3521149501831905
struggling,18,0.4,0.8,0.3521149501831905,0.3904229900366381
struggling,19,0.32,0.8,0.3904229900366381,0.3340845980073276
struggling,20,0.36,0.8,0.3340845980073276,0.3548169196014655
struggling,1,0.35,0.9,0.5,0.365
struggling,2,0.4,0.9,0.365,0.3965
struggling,3,0.3,0.9,0.3965,0.30965
struggling,4,0.38,0.9,0.30965,0.372965
struggling,5,0.32,0.9,0.372965,0.3252965
struggling,6,0.42,0.9,0.3252965,0.41052964999999997
struggling,7,0.35,0.9,0.41052964999999997,0.356052965
struggling,8,0.3,0.9,0.356052965,0.3056052965
struggling,9,0.4,0.9,0.3056052965,0.39056052965000004
struggling,10,0.33,0.9,0.39056052965000004,0.336056052965
struggling,11,0.36,0.9,0.336056052965,0.3576056052965
struggling,12,0.41,0.9,0.3576056052965,0.40476056052965
struggling,13,0.34,0.9,0.40476056052965,0.346476056052965
struggling,14,0.38,0.9,0.346476056052965,0.37664760560529653
struggling,15,0.31,0.9,0.37664760560529653,0.31666476056052967
struggling,16,0.37,0.9,0.31666476056052967,0.36466647605605296
struggling,17,0.35,0.9,0.36466647605605296,0.35146664760560525
struggling,18,0.4,0.9,0.35146664760560525,0.39514666476056054
struggling,19,0.32,0.9,0.39514666476056054,0.32751466647605604
struggling,20,0.36,0.9,0.32751466647605604,0.3567514666476056
inconsistent,1,0.8,0.1,0.5,0.53
inconsistent,2,0.3,0.1,0.53,0.507
inconsistent,3,0.9,0.1,0.507,0.5463
inconsistent,4,0.4,0.1,0.5463,0.53167
inconsistent,5,0.75,0.1,0.53167,0.553503
inconsistent,6,0.25,0.1,0.553503,0.5231527
inconsistent,7,0.85,0.1,0.5231527,0.55583743
inconsistent,8,0.35,0.1,0.55583743,0.535253687
inconsistent,9,0.95,0.1,0.535253687,0.5767283182999999
inconsistent,10,0.45,0.1,0.5767283182999999,0.5640554864699999
inconsistent,11,0.7,0.1,0.5640554864699999,0.5776499378229999
inconsistent,12,0.3,0.1,0.5776499378229999,0.5498849440406999
inconsistent,13,0.88,0.1,0.5498849440406999,0.5828964496366299
inconsistent,14,0.42,0.1,0.5828964496366299,0.5666068046729669
inconsistent,15,0.78,0.1,0.5666068046729669,0.5879461242056702
inconsistent,16,0.28,0.1,0.5879461242056702,0.5571515117851031
inconsistent,17,0.92,0.1,0.5571515117851031,0.5934363606065929
inconsistent,18,0.38,0.1,0.5934363606065929,0.5720927245459336
inconsistent,19,0.82,0.1,0.5720927245459336,0.5968834520913403
inconsistent,20,0.33,0.1,0.5968834520913403,0.5701951068822063
inconsistent,1,0.8,0.2,0.5,0.56
inconsistent,2,0.3,0.2,0.56,0.508
inconsistent,3,0.9,0.2,0.508,0.5864
inconsistent,4,0.4,0.2,0.5864,0.54912
inconsistent,5,0.75,0.2,0.54912,0.589296
inconsistent,6,0.25,0.2,0.589296,0.5214368
inconsistent,7,0.85,0.2,0.5214368,0.58714944
inconsistent,8,0.35,0.2,0.58714944,0.539719552
inconsistent,9,0.95,0.2,0.539719552,0.6217756416
inconsistent,10,0.45,0.2,0.6217756416,0.58742051328
inconsistent,11,0.7,0.2,0.58742051328,0.609936410624
inconsistent,12,0.3,0.2,0.609936410624,0.5479491284992
inconsistent,13,0.88,0.2,0.5479491284992,0.61435930279936
inconsistent,14,0.42,0.2,0.61435930279936,0.575487442239488
inconsistent,15,0.78,0.2,0.575487442239488,0.6163899537915905
inconsistent,16,0.28,0.2,0.6163899537915905,0.5491119630332724
inconsistent,17,0.92,0.2,0.5491119630332724,0.6232895704266179
inconsistent,18,0.38,0.2,0.6232895704266179,0.5746316563412943
inconsistent,19,0.82,0.2,0.5746316563412943,0.6237053250730354
inconsistent,20,0.33,0.2,0.6237053250730354,0.5649642600584284
inconsistent,1,0.8,0.3,0.5,0.59
inconsistent,2,0.3,0.3,0.59,0.503
inconsistent,3,0.9,0.3,0.503,0.6221
inconsistent,4,0.4,0.3,0.6221,0.55547
inconsistent,5,0.75,0.3,0.55547,0.613829
inconsistent,6,0.25,0.3,0.613829,0.5046803
inconsistent,7,0.85,0.3,0.5046803,0.60827621
inconsistent,8,0.35,0.3,0.60827621,0.530793347
inconsistent,9,0.95,0.3,0.530793347,0.6565553429
inconsistent,10,0.45,0.3,0.6565553429,0.59458874003
inconsistent,11,0.7,0.3,0.59458874003,0.626212118021
inconsistent,12,0.3,0.3,0.626212118021,0.5283484826147
inconsistent,13,0.88,0.3,0.5283484826147,0.63384393783029
inconsistent,14,0.42,0.3,0.63384393783029,0.569690756481203
inconsistent,15,0.78,0.3,0.569690756481203,0.6327835295368421
inconsistent,16,0.28,0.3,0.6327835295368421,0.5269484706757895
inconsistent,17,0.92,0.3,0.5269484706757895,0.6448639294730527
inconsistent,18,0.38,0.3,0.6448639294730527,0.5654047506311369
inconsistent,19,0.82,0.3,0.5654047506311369,0.6417833254417958
inconsistent,20,0.33,0.3,0.6417833254417958,0.5482483278092571
inconsistent,1,0.8,0.4,0.5,0.62
inconsistent,2,0.3,0.4,0.62,0.492
inconsistent,3,0.9,0.4,0.492,0.6552
inconsistent,4,0.4,0.4,0.6552,0.5531200000000001
inconsistent,5,0.75,0.4,0.5531200000000001,0.631872
inconsistent,6,0.25,0.4,0.631872,0.47912319999999997
inconsistent,7,0.85,0.4,0.47912319999999997,0.62747392
inconsistent,8,0.35,0.4,0.62747392,0.516484352
inconsistent,9,0.95,0.4,0.516484352,0.6898906112
inconsistent,10,0.45,0.4,0.6898906112,0.59393436672
inconsistent,11,0.7,0.4,0.59393436672,0.636360620032
inconsistent,12,0.3,0.4,0.636360620032,0.5018163720191999
inconsistent,13,0.88,0.4,0.5018163720191999,0.65308982321152
inconsistent,14,0.42,0.4,0.65308982321152,0.559853893926912
inconsistent,15,0.78,0.4,0.559853893926912,0.6479123363561472
inconsistent,16,0.28,0.4,0.6479123363561472,0.5007474018136884
inconsistent,17,0.92,0.4,0.5007474018136884,0.668448441088213
inconsistent,18,0.38,0.4,0.668448441088213,0.5530690646529278
inconsistent,19,0.82,0.4,0.5530690646529278,0.6598414387917567
inconsistent,20,0.33,0.4,0.6598414387917567,0.527904863275054
inconsistent,1,0.8,0.5,0.5,0.65
inconsistent,2,0.3,0.5,0.65,0.475
inconsistent,3,0.9,0.5,0.475,0.6875
inconsistent,4,0.4,0.5,0.6875,0.54375
inconsistent,5,0.75,0.5,0.54375,0.646875
inconsistent,6,0.25,0.5,0.646875,0.4484375
inconsistent,7,0.85,0.5,0.4484375,0.64921875
inconsistent,8,0.35,0.5,0.64921875,0.49960937499999997
inconsistent,9,0.95,0.5,0.49960937499999997,0.7248046874999999
inconsistent,10,0.45,0.5,0.7248046874999999,0.58740234375
inconsistent,11,0.7,0.5,0.58740234375,0.643701171875
inconsistent,12,0.3,0.5,0.643701171875,0.47185058593749996
inconsistent,13,0.88,0.5,0.47185058593749996,0.67592529296875
inconsistent,14,0.42,0.5,0.67592529296875,0.547962646484375
inconsistent,15,0.78,0.5,0.547962646484375,0.6639813232421875
inconsistent,16,0.28,0.5,0.6639813232421875,0.47199066162109377
inconsistent,17,0.92,0.5,0.47199066162109377,0.6959953308105469
inconsistent,18,0.38,0.5,0.6959953308105469,0.5379976654052734
inconsistent,19,0.82,0.5,0.5379976654052734,0.6789988327026366
inconsistent,20,0.33,0.5,0.6789988327026366,0.5044994163513183
inconsistent,1,0.8,0.6,0.5,0.68
inconsistent,2,0.3,0.6,0.68,0.452
inconsistent,3,0.9,0.6,0.452,0.7208
inconsistent,4,0.4,0.6,0.7208,0.52832
inconsistent,5,0.75,0.6,0.52832,0.661328
inconsistent,6,0.25,0.6,0.661328,0.4145312
inconsistent,7,0.85,0.6,0.4145312,0.67581248
inconsistent,8,0.35,0.6,0.67581248,0.480324992
inconsistent,9,0.95,0.6,0.480324992,0.7621299967999999
inconsistent,10,0.45,0.6,0.7621299967999999,0.57485199872
inconsistent,11,0.7,0.6,0.57485199872,0.649940799488
inconsistent,12,0.3,0.6,0.649940799488,0.4399763197952
inconsistent,13,0.88,0.6,0.4399763197952,0.70399052791808
inconsistent,14,0.42,0.6,0.70399052791808,0.533596211167232
inconsistent,15,0.78,0.6,0.533596211167232,0.6814384844668928
inconsistent,16,0.28,0.6,0.6814384844668928,0.44057539378675714
inconsistent,17,0.92,0.6,0.44057539378675714,0.7282301575147029
inconsistent,18,0.38,0.6,0.7282301575147029,0.5192920630058812
inconsistent,19,0.82,0.6,0.5192920630058812,0.6997168252023525
inconsistent,20,0.33,0.6,0.6997168252023525,0.47788673008094096
inconsistent,1,0.8,0.7,0.5,0.71
inconsistent,2,0.3,0.7,0.71,0.423
inconsistent,3,0.9,0.7,0.423,0.7569
inconsistent,4,0.4,0.7,0.7569,0.50707
inconsistent,5,0.75,0.7,0.50707,0.677121
inconsistent,6,0.25,0.7,0.677121,0.37813630000000004
inconsistent,7,0.85,0.7,0.37813630000000004,0.70844089
inconsistent,8,0.35,0.7,0.70844089,0.457532267
inconsistent,9,0.95,0.7,0.457532267,0.8022596800999999
inconsistent,10,0.45,0.7,0.8022596800999999,0.55567790403
inconsistent,11,0.7,0.7,0.55567790403,0.6567033712089999
inconsistent,12,0.3,0.7,0.6567033712089999,0.4070110113627
inconsistent,13,0.88,0.7,0.4070110113627,0.73810330340881
inconsistent,14,0.42,0.7,0.73810330340881,0.515430991022643
inconsistent,15,0.78,0.7,0.515430991022643,0.7006292973067929
inconsistent,16,0.28,0.7,0.7006292973067929,0.40618878919203794
inconsistent,17,0.92,0.7,0.40618878919203794,0.7658566367576114
inconsistent,18,0.38,0.7,0.7658566367576114,0.49575699102728343
inconsistent,19,0.82,0.7,0.49575699102728343,0.722727097308185
inconsistent,20,0.33,0.7,0.722727097308185,0.4478181291924555
inconsistent,1,0.8,0.8,0.5,0.74
inconsistent,2,0.3,0.8,0.74,0.38799999999999996
inconsistent,3,0.9,0.8,0.38799999999999996,0.7976
inconsistent,4,0.4,0.8,0.7976,0.47952
inconsistent,5,0.75,0.8,0.47952,0.6959040000000001
inconsistent,6,0.25,0.8,0.6959040000000001,0.3391808
inconsistent,7,0.85,0.8,0.3391808,0.7478361600000001
inconsistent,8,0.35,0.8,0.7478361600000001,0.42956723199999997
inconsistent,9,0.95,0.8,0.42956723199999997,0.8459134464
inconsistent,10,0.45,0.8,0.8459134464,0.52918268928
inconsistent,11,0.7,0.8,0.52918268928,0.6658365378559999
inconsistent,12,0.3,0.8,0.6658365378559999,0.3731673075712
inconsistent,13,0.88,0.8,0.3731673075712,0.7786334615142401
inconsistent,14,0.42,0.8,0.7786334615142401,0.491726692302848
inconsistent,15,0.78,0.8,0.491726692302848,0.7223453384605696
inconsistent,16,0.28,0.8,0.7223453384605696,0.3684690676921139
inconsistent,17,0.92,0.8,0.3684690676921139,0.8096938135384228
inconsistent,18,0.38,0.8,0.8096938135384228,0.46593876270768453
inconsistent,19,0.82,0.8,0.46593876270768453,0.7491877525415369
inconsistent,20,0.33,0.8,0.7491877525415369,0.4138375505083074
inconsistent,1,0.8,0.9,0.5,0.77
inconsistent,2,0.3,0.9,0.77,0.347
inconsistent,3,0.9,0.9,0.347,0.8447
inconsistent,4,0.4,0.9,0.8447,0.44447000000000003
inconsistent,5,0.75,0.9,0.44447000000000003,0.719447
inconsistent,6,0.25,0.9,0.719447,0.2969447
inconsistent,7,0.85,0.9,0.2969447,0.79469447
inconsistent,8,0.35,0.9,0.79469447,0.394469447
inconsistent,9,0.95,0.9,0.394469447,0.8944469447
inconsistent,10,0.45,0.9,0.8944469447,0.49444469447
inconsistent,11,0.7,0.9,0.49444469447,0.679444469447
inconsistent,12,0.3,0.9,0.679444469447,0.3379444469447
inconsistent,13,0.88,0.9,0.3379444469447,0.8257944446944699
inconsistent,14,0.42,0.9,0.8257944446944699,0.460579444469447
inconsistent,15,0.78,0.9,0.460579444469447,0.7480579444469447
inconsistent,16,0.28,0.9,0.7480579444469447,0.3268057944446945
inconsistent,17,0.92,0.9,0.3268057944446945,0.8606805794444695
inconsistent,18,0.38,0.9,0.8606805794444695,0.42806805794444697
inconsistent,19,0.82,0.9,0.42806805794444697,0.7808068057944446
inconsistent,20,0.33,0.9,0.7808068057944446,0.3750806805794445
